Date,open_price,high_price,low_price,last_price,vwap_price,change_prev_close_percentage,num_trades,volume,turnover
2024-04-30,266.00,268.00,266.00,268.00,266.47962747381,0.75,40,859.00000,228906.00
2024-04-29,266.00,266.00,266.00,266.00,266.00000000000,0.00,15,145.00000,38570.00
2024-04-26,266.00,266.00,264.00,266.00,265.62025316456,0.00,13,79.00000,20984.00
2024-04-25,260.00,270.00,260.00,266.00,264.55151515152,3.91,52,990.00000,261906.00
2024-04-24,256.00,258.00,256.00,256.00,256.54761904762,0.00,9,84.00000,21550.00
2024-04-23,258.00,258.00,256.00,256.00,256.95652173913,-0.78,5,23.00000,5910.00
2024-04-22,256.00,258.00,256.00,258.00,257.77777777778,0.00,7,72.00000,18560.00
2024-04-19,258.00,258.00,258.00,258.00,258.00000000000,0.00,1,6.00000,1548.00
2024-04-18,260.00,260.00,256.00,258.00,257.47368421053,0.00,12,266.00000,68488.00
2024-04-16,260.00,262.00,258.00,258.00,259.92825112108,0.00,14,223.00000,57964.00
2024-04-15,258.00,262.00,258.00,258.00,258.15873015873,-0.77,14,126.00000,32528.00
2024-04-12,256.00,260.00,256.00,260.00,258.39823008850,2.36,28,226.00000,58398.00
2024-04-11,256.00,256.00,254.00,254.00,254.08612440191,-0.78,13,209.00000,53104.00
2024-04-10,256.00,256.00,256.00,256.00,256.00000000000,0.00,3,7.00000,1792.00
2024-04-09,258.00,260.00,256.00,256.00,257.90881458967,-0.78,24,329.00000,84852.00
2024-04-08,258.00,258.00,256.00,258.00,257.83486238532,-0.77,7,109.00000,28104.00
2024-04-05,258.00,260.00,258.00,260.00,258.16129032258,0.00,5,62.00000,16006.00
2024-04-04,260.00,262.00,260.00,260.00,260.42105263158,0.78,5,19.00000,4948.00
2024-04-03,260.00,260.00,256.00,258.00,259.06451612903,0.00,6,62.00000,16062.00
2024-04-02,258.00,258.00,258.00,258.00,258.00000000000,-0.77,11,152.00000,39216.00
2024-03-28,266.00,268.00,260.00,260.00,260.78414839798,-1.52,31,1186.00000,309290.00
2024-03-27,266.00,266.00,262.00,264.00,262.13866666667,-0.75,14,750.00000,196604.00
2024-03-26,264.00,266.00,264.00,266.00,264.18691588785,0.76,7,107.00000,28268.00
2024-03-25,268.00,268.00,264.00,264.00,264.54037267081,-2.22,21,644.00000,170364.00
2024-03-22,268.00,274.00,268.00,270.00,269.25226860254,0.75,22,551.00000,148358.00
2024-03-21,268.00,268.00,266.00,268.00,266.94736842105,1.52,5,57.00000,15216.00
2024-03-20,264.00,268.00,262.00,264.00,264.62560386473,0.76,29,828.00000,219110.00
2024-03-19,260.00,262.00,258.00,262.00,260.57021276596,2.34,10,235.00000,61234.00
2024-03-18,262.00,264.00,256.00,256.00,257.96765119550,0.00,24,1422.00000,366830.00
2024-03-15,268.00,268.00,256.00,256.00,261.58252427184,-4.48,29,618.00000,161658.00
2024-03-14,270.00,270.00,266.00,268.00,267.48514851485,-0.74,18,202.00000,54032.00
2024-03-13,266.00,272.00,266.00,270.00,269.95522388060,2.27,43,402.00000,108522.00
2024-03-12,254.00,266.00,254.00,264.00,258.01980198020,3.94,39,1111.00000,286660.00
2024-03-11,250.00,254.00,250.00,254.00,252.24590163934,3.25,15,122.00000,30774.00
2024-03-08,246.00,250.00,244.00,246.00,246.09429280397,-0.81,18,403.00000,99176.00
2024-03-07,250.00,250.00,248.00,248.00,248.47794117647,0.00,11,272.00000,67586.00
2024-03-06,250.00,250.00,248.00,248.00,248.93333333333,-0.80,7,45.00000,11202.00
2024-03-05,246.00,250.00,244.00,250.00,248.34951456311,1.63,12,309.00000,76740.00
2024-03-04,252.00,252.00,246.00,246.00,249.08571428571,-1.60,24,280.00000,69744.00
2024-03-01,246.00,252.00,246.00,250.00,249.78403755869,1.63,16,213.00000,53204.00
2024-02-29,252.00,254.00,246.00,246.00,250.60571428571,-3.15,32,350.00000,87712.00
2024-02-28,256.00,256.00,254.00,254.00,254.50000000000,-0.78,5,120.00000,30540.00
2024-02-27,258.00,258.00,254.00,256.00,255.55613577023,-2.29,27,383.00000,97878.00
2024-02-26,262.00,270.00,258.00,262.00,264.98368036016,0.00,102,1777.00000,470876.00
2024-02-23,246.00,264.00,246.00,262.00,258.47677261614,7.38,83,818.00000,211434.00
2024-02-22,228.00,244.00,228.00,244.00,235.67007672634,7.96,60,1564.00000,368588.00
2024-02-21,220.00,226.00,220.00,226.00,224.53269537480,2.73,27,627.00000,140782.00
2024-02-20,220.00,220.00,220.00,220.00,220.00000000000,0.92,5,22.00000,4840.00
2024-02-19,216.00,218.00,216.00,218.00,216.37500000000,0.00,9,160.00000,34620.00
2024-02-16,218.00,218.00,218.00,218.00,218.00000000000,0.93,4,70.00000,15260.00
2024-02-15,214.00,216.00,214.00,216.00,214.83333333333,0.00,3,12.00000,2578.00
2024-02-14,218.00,218.00,214.00,216.00,215.17437722420,-1.82,18,281.00000,60464.00
2024-02-13,214.00,220.00,214.00,220.00,216.44000000000,2.80,12,100.00000,21644.00
2024-02-12,212.00,214.00,210.00,214.00,211.25544554455,1.90,18,505.00000,106684.00
2024-02-09,212.00,216.00,210.00,210.00,211.95433789954,-0.94,23,438.00000,92836.00
2024-02-08,212.00,212.00,212.00,212.00,212.00000000000,0.00,6,80.00000,16960.00
2024-02-07,210.00,214.00,208.00,212.00,210.14206300185,0.95,25,1619.00000,340220.00
2024-02-06,210.00,210.00,210.00,210.00,210.00000000000,0.96,14,444.00000,93240.00
2024-02-05,206.00,208.00,206.00,208.00,207.43089430894,0.97,9,123.00000,25514.00
2024-02-02,208.00,210.00,206.00,206.00,209.00000000000,0.00,5,40.00000,8360.00
2024-02-02,,206.00,206.00,206.00,206.00000000000,,1,5580.00000,1149480.00
2024-02-01,210.00,210.00,206.00,206.00,207.82926829268,-1.90,8,164.00000,34084.00
2024-01-31,208.00,210.00,208.00,210.00,208.20000000000,0.96,3,40.00000,8328.00
2024-01-30,208.00,208.00,206.00,208.00,207.29378531073,0.97,18,354.00000,73382.00
2024-01-29,206.00,206.00,206.00,206.00,206.00000000000,0.98,11,274.00000,56444.00
2024-01-26,204.00,206.00,204.00,204.00,204.97297297297,0.99,6,259.00000,53088.00
2024-01-25,202.00,202.00,202.00,202.00,202.00000000000,0.00,7,447.00000,90294.00
2024-01-24,198.00,202.00,198.00,202.00,200.90661478599,1.00,13,514.00000,103266.00
2024-01-23,202.00,202.00,198.00,200.00,200.13888888889,-1.96,17,288.00000,57640.00
2024-01-22,204.00,204.00,202.00,204.00,203.28338762215,-1.92,16,307.00000,62408.00
2024-01-19,208.00,208.00,204.00,208.00,206.35537190083,0.97,15,242.00000,49938.00
2024-01-18,208.00,208.00,206.00,206.00,207.70588235294,-2.83,5,204.00000,42372.00
2024-01-17,210.00,212.00,204.00,212.00,209.16470588235,0.00,8,170.00000,35558.00
2024-01-16,210.00,212.00,210.00,212.00,210.56655290102,0.95,27,586.00000,123392.00
2024-01-15,204.00,210.00,204.00,210.00,206.00757575758,2.94,20,264.00000,54386.00
2024-01-12,199.00,204.00,198.00,204.00,199.37872340426,2.51,10,235.00000,46854.00
2024-01-11,200.00,200.00,198.00,199.00,199.06410256410,-0.50,9,156.00000,31054.00
2024-01-10,200.00,204.00,200.00,200.00,201.27913279133,0.00,21,369.00000,74272.00
2024-01-09,193.00,206.00,193.00,200.00,201.04837430611,4.71,60,1261.00000,253522.00
2024-01-08,185.00,191.00,184.00,191.00,186.28635346756,3.24,27,447.00000,83270.00
2024-01-05,185.00,187.00,185.00,185.00,185.50343249428,0.00,11,437.00000,81065.00
2024-01-04,185.00,185.00,185.00,185.00,185.00000000000,0.00,8,152.00000,28120.00
2024-01-03,186.00,186.00,184.00,185.00,185.51987767584,-0.54,14,327.00000,60665.00
2024-01-02,186.00,186.00,186.00,186.00,186.00000000000,-0.53,1,10.00000,1860.00
2023-12-29,186.00,190.00,185.00,187.00,186.85304659498,0.54,14,279.00000,52132.00
2023-12-28,188.00,188.00,186.00,186.00,187.41176470588,-1.06,3,51.00000,9558.00
2023-12-27,191.00,191.00,188.00,188.00,189.53376205788,-2.08,13,311.00000,58945.00
2023-12-22,192.00,192.00,190.00,192.00,191.11428571429,-1.03,4,70.00000,13378.00
2023-12-21,194.00,194.00,194.00,194.00,194.00000000000,0.00,5,57.00000,11058.00
2023-12-20,189.00,194.00,189.00,194.00,192.11724137931,2.65,13,290.00000,55714.00
2023-12-19,191.00,191.00,189.00,189.00,189.57142857143,-1.05,3,35.00000,6635.00
2023-12-18,189.00,191.00,189.00,191.00,189.94736842105,2.14,3,57.00000,10827.00
2023-12-15,187.00,188.00,186.00,187.00,187.11779448622,1.08,31,399.00000,74660.00
2023-12-14,184.00,185.00,184.00,185.00,184.53333333333,1.09,2,15.00000,2768.00
2023-12-13,183.00,183.00,183.00,183.00,183.00000000000,-1.08,2,37.00000,6771.00
2023-12-12,185.00,185.00,185.00,185.00,185.00000000000,-1.07,2,40.00000,7400.00
2023-12-11,186.00,188.00,185.00,187.00,185.79111111111,0.54,9,225.00000,41803.00
2023-12-08,186.00,186.00,186.00,186.00,186.00000000000,0.54,3,48.00000,8928.00
2023-12-07,186.00,186.00,185.00,185.00,185.39541547278,0.00,13,349.00000,64703.00
2023-12-06,186.00,186.00,185.00,185.00,185.50925925926,0.00,7,108.00000,20035.00
2023-12-05,185.00,185.00,185.00,185.00,185.00000000000,-1.07,10,1162.00000,214970.00
2023-12-04,184.00,187.00,184.00,187.00,184.99482312338,1.08,5,1159.00000,214409.00
2023-12-01,183.00,185.00,183.00,185.00,184.38888888889,-0.54,3,36.00000,6638.00
2023-11-30,185.00,186.00,184.00,186.00,184.37704918033,0.54,7,61.00000,11247.00
2023-11-29,186.00,186.00,185.00,185.00,185.50596252129,-0.54,17,587.00000,108892.00
2023-11-28,186.00,186.00,186.00,186.00,186.00000000000,0.54,2,46.00000,8556.00
2023-11-27,187.00,187.00,185.00,185.00,185.67924528302,0.54,8,265.00000,49205.00
2023-11-27,,185.00,185.00,185.00,185.00000000000,,1,3705.00000,685425.00
2023-11-24,187.00,187.00,184.00,184.00,185.56637168142,-1.08,9,113.00000,20969.00
2023-11-23,190.00,190.00,186.00,186.00,187.73913043478,-1.06,7,115.00000,21590.00
2023-11-22,188.00,190.00,187.00,188.00,188.16608996540,0.00,14,289.00000,54380.00
2023-11-21,189.00,189.00,187.00,188.00,188.26168224299,-0.53,5,107.00000,20144.00
2023-11-20,186.00,191.00,186.00,189.00,188.16959064327,2.72,15,171.00000,32177.00
2023-11-17,183.00,185.00,182.00,184.00,182.42920353982,0.55,9,226.00000,41229.00
2023-11-16,185.00,185.00,183.00,183.00,184.17041800643,-1.61,18,311.00000,57277.00
2023-11-15,187.00,187.00,186.00,186.00,186.37500000000,-1.06,2,16.00000,2982.00
2023-11-14,188.00,188.00,188.00,188.00,188.00000000000,1.08,5,150.00000,28200.00
2023-11-13,187.00,188.00,186.00,186.00,186.63953488372,-0.53,9,172.00000,32102.00
2023-11-10,189.00,189.00,187.00,187.00,187.56097560976,-1.06,8,123.00000,23070.00
2023-11-09,190.00,190.00,186.00,189.00,188.73593073593,-0.53,14,231.00000,43598.00
2023-11-08,195.00,195.00,190.00,190.00,190.75336322870,-2.06,15,223.00000,42538.00
2023-11-07,194.00,195.00,193.00,194.00,194.00000000000,1.04,12,331.00000,64214.00
2023-11-06,191.00,197.00,191.00,192.00,194.18545994065,1.05,32,674.00000,130881.00
2023-11-03,189.00,190.00,187.00,190.00,189.01675977654,0.53,16,358.00000,67668.00
2023-11-02,181.00,191.00,181.00,189.00,186.69144981413,1.61,16,269.00000,50220.00
2023-10-31,181.00,187.00,180.00,186.00,180.94980988593,3.33,22,1315.00000,237949.00
2023-10-30,170.00,184.00,170.00,180.00,179.47085889571,6.51,25,652.00000,117015.00
2023-10-26,169.00,169.00,169.00,169.00,169.00000000000,0.00,2,8.00000,1352.00
2023-10-25,168.00,169.00,167.00,169.00,168.82000000000,0.60,4,50.00000,8441.00
2023-10-24,168.00,168.00,168.00,168.00,168.00000000000,-0.59,1,7.00000,1176.00
2023-10-23,168.00,169.00,168.00,169.00,168.52000000000,1.20,3,25.00000,4213.00
2023-10-20,169.00,170.00,167.00,167.00,169.25503355705,-1.76,9,149.00000,25219.00
2023-10-19,170.00,171.00,170.00,170.00,170.44444444444,-0.58,9,225.00000,38350.00
2023-10-18,172.00,172.00,170.00,171.00,170.83928571429,-1.16,4,56.00000,9567.00
2023-10-17,173.00,173.00,171.00,173.00,172.31761006289,-1.14,12,318.00000,54797.00
2023-10-16,174.00,175.00,172.00,175.00,173.98268398268,0.57,8,231.00000,40190.00
2023-10-13,174.00,174.00,174.00,174.00,174.00000000000,0.00,2,6.00000,1044.00
2023-10-12,175.00,176.00,174.00,174.00,174.99367088608,-1.14,10,158.00000,27649.00
2023-10-11,177.00,177.00,176.00,176.00,176.03225806452,-0.56,2,31.00000,5457.00
2023-10-10,176.00,178.00,173.00,177.00,175.52877138414,2.31,22,643.00000,112865.00
2023-10-09,177.00,177.00,172.00,173.00,173.56872037915,-3.35,9,211.00000,36623.00
2023-10-06,182.00,182.00,179.00,179.00,180.83132530120,-1.10,7,83.00000,15009.00
2023-10-05,181.00,181.00,180.00,181.00,180.97727272727,1.12,10,220.00000,39815.00
2023-10-04,183.00,183.00,178.00,179.00,180.20402298851,-2.19,21,348.00000,62711.00
2023-10-03,183.00,183.00,183.00,183.00,183.00000000000,0.00,2,29.00000,5307.00
2023-10-02,186.00,186.00,183.00,183.00,183.69230769231,0.00,3,13.00000,2388.00
2023-09-29,183.00,183.00,183.00,183.00,183.00000000000,-1.61,3,16.00000,2928.00
2023-09-28,186.00,186.00,182.00,186.00,184.94736842105,-0.53,5,19.00000,3514.00
2023-09-27,186.00,187.00,183.00,187.00,185.25287356322,-1.06,11,174.00000,32234.00
2023-09-26,187.00,189.00,187.00,189.00,187.32352941176,1.07,3,34.00000,6369.00
2023-09-22,183.00,187.00,183.00,187.00,185.31578947368,-0.53,3,19.00000,3521.00
2023-09-21,183.00,188.00,183.00,188.00,186.67424242424,-0.53,7,132.00000,24641.00
2023-09-20,189.00,189.00,189.00,189.00,189.00000000000,1.61,2,21.00000,3969.00
2023-09-19,184.00,186.00,182.00,186.00,183.34782608696,-0.53,7,46.00000,8434.00
2023-09-18,193.00,193.00,183.00,187.00,184.51563388289,-2.60,27,1759.00000,324563.00
2023-09-15,189.00,192.00,189.00,192.00,191.65258215962,1.59,9,426.00000,81644.00
2023-09-14,188.00,189.00,188.00,189.00,188.78947368421,0.53,4,114.00000,21522.00
2023-09-13,191.00,191.00,185.00,188.00,186.68800000000,-1.57,16,125.00000,23336.00
2023-09-12,192.00,193.00,191.00,191.00,191.72185430464,-1.55,8,151.00000,28950.00
2023-09-11,198.00,198.00,194.00,194.00,194.12403100775,-0.51,6,516.00000,100168.00
2023-09-08,197.00,198.00,195.00,195.00,196.73462783172,-1.02,22,618.00000,121582.00
2023-09-08,,197.00,197.00,197.00,197.00000000000,,1,2000.00000,394000.00
2023-09-07,193.00,200.00,190.00,197.00,197.11721611722,2.07,45,819.00000,161439.00
2023-09-06,185.00,193.00,185.00,193.00,188.50000000000,4.32,26,1128.00000,212628.00
2023-09-05,185.00,187.00,185.00,185.00,185.08591065292,0.00,30,582.00000,107720.00
2023-09-04,180.00,185.00,180.00,185.00,181.75931677019,2.78,38,644.00000,117053.00
2023-09-01,180.00,180.00,179.00,180.00,179.94090909091,0.00,14,220.00000,39587.00
2023-08-31,180.00,181.00,180.00,180.00,180.05555555556,0.00,7,72.00000,12964.00
2023-08-30,179.00,180.00,179.00,180.00,179.80861244019,0.00,16,209.00000,37580.00
2023-08-29,180.00,180.00,178.00,180.00,178.85370370370,0.00,10,540.00000,96581.00
2023-08-28,179.00,181.00,179.00,180.00,179.99431171786,0.56,21,879.00000,158215.00
2023-08-25,179.00,179.00,179.00,179.00,179.00000000000,0.56,2,22.00000,3938.00
2023-08-24,176.00,178.00,175.00,178.00,176.64755077658,0.00,11,837.00000,147854.00
2023-08-23,178.00,179.00,177.00,178.00,177.93910256410,-1.11,9,312.00000,55517.00
2023-08-22,181.00,181.00,180.00,180.00,180.05162523901,-1.10,18,523.00000,94167.00
2023-08-21,183.00,183.00,182.00,182.00,182.70503597122,-0.55,7,139.00000,25396.00
2023-08-18,183.00,183.00,183.00,183.00,183.00000000000,0.00,7,58.00000,10614.00
2023-08-17,179.00,183.00,178.00,183.00,179.75781250000,1.67,12,512.00000,92036.00
2023-08-16,178.00,180.00,178.00,180.00,178.29787234043,0.00,3,94.00000,16760.00
2023-08-14,180.00,180.00,180.00,180.00,180.00000000000,2.27,2,10.00000,1800.00
2023-08-11,179.00,180.00,176.00,176.00,178.73170731707,-1.12,9,164.00000,29312.00
2023-08-10,176.00,178.00,176.00,178.00,177.12621359223,1.14,7,103.00000,18244.00
2023-08-09,176.00,176.00,176.00,176.00,176.00000000000,0.57,2,20.00000,3520.00
2023-08-08,175.00,175.00,175.00,175.00,175.00000000000,-2.23,12,201.00000,35175.00
2023-08-07,173.00,179.00,173.00,179.00,174.40540540541,0.00,5,111.00000,19359.00
2023-08-04,173.00,179.00,173.00,179.00,174.56521739130,5.29,7,138.00000,24090.00
2023-08-03,172.00,172.00,168.00,170.00,169.73684210526,-3.95,12,190.00000,32250.00
2023-07-31,176.00,177.00,176.00,177.00,176.22222222222,2.91,4,36.00000,6344.00
2023-07-28,172.00,176.00,172.00,172.00,174.13559322034,-2.27,7,59.00000,10274.00
2023-07-27,179.00,179.00,165.00,176.00,170.47727272727,-1.68,25,352.00000,60008.00
2023-07-26,180.00,180.00,177.00,179.00,178.94444444444,-0.56,3,18.00000,3221.00
2023-07-25,180.00,180.00,180.00,180.00,180.00000000000,0.00,1,3.00000,540.00
2023-07-24,177.00,180.00,177.00,180.00,179.05263157895,0.00,3,19.00000,3402.00
2023-07-21,181.00,181.00,177.00,180.00,179.71559633028,0.00,10,109.00000,19589.00
2023-07-20,171.00,183.00,171.00,180.00,180.31118881119,1.12,17,572.00000,103138.00
2023-07-19,176.00,184.00,176.00,178.00,179.76555716353,1.71,23,691.00000,124218.00
2023-07-18,164.00,175.00,164.00,175.00,170.31433506045,10.76,28,579.00000,98612.00
2023-07-17,156.00,158.00,156.00,158.00,157.94413407821,0.64,10,179.00000,28272.00
2023-07-13,156.00,157.00,156.00,157.00,156.35897435897,1.95,4,234.00000,36588.00
2023-07-12,151.00,155.00,151.00,154.00,153.86309047238,3.36,17,1249.00000,192175.00
2023-07-11,149.00,149.00,149.00,149.00,149.00000000000,0.68,12,384.00000,57216.00
2023-07-10,147.00,148.00,147.00,148.00,147.98360655738,1.37,5,305.00000,45135.00
2023-07-07,146.00,146.00,146.00,146.00,146.00000000000,0.00,2,15.00000,2190.00
2023-07-06,146.00,146.00,146.00,146.00,146.00000000000,-0.68,6,108.00000,15768.00
2023-07-05,147.00,148.00,147.00,147.00,147.15151515152,-1.34,4,33.00000,4856.00
2023-07-04,149.00,149.00,149.00,149.00,149.00000000000,-0.67,1,20.00000,2980.00
2023-07-03,146.00,150.00,146.00,150.00,146.54545454545,-0.66,4,22.00000,3224.00
2023-06-30,148.00,151.00,146.00,151.00,148.57142857143,-0.66,3,7.00000,1040.00
2023-06-28,152.00,152.00,152.00,152.00,152.00000000000,-0.65,2,70.00000,10640.00
2023-06-27,152.00,153.00,152.00,153.00,152.64497041420,0.66,7,169.00000,25797.00
2023-06-26,147.00,152.00,147.00,152.00,150.26749611198,3.40,20,1286.00000,193244.00
2023-06-23,147.00,147.00,147.00,147.00,147.00000000000,2.08,4,82.00000,12054.00
2023-06-21,146.00,146.00,144.00,144.00,145.13978494624,-1.37,4,93.00000,13498.00
2023-06-20,147.00,149.00,146.00,146.00,147.07894736842,-0.68,16,570.00000,83835.00
2023-06-19,143.00,147.00,143.00,147.00,144.52283105023,2.80,29,876.00000,126602.00
2023-06-16,140.00,143.00,140.00,143.00,142.32130584192,0.70,8,1164.00000,165662.00
2023-06-15,141.00,142.00,141.00,142.00,141.67441860465,0.71,7,430.00000,60920.00
2023-06-14,142.00,142.00,141.00,141.00,141.50842696629,-0.70,9,356.00000,50377.00
2023-06-13,142.00,142.00,142.00,142.00,142.00000000000,0.00,1,8.00000,1136.00
2023-06-12,139.00,142.00,139.00,142.00,140.16998468606,2.16,12,653.00000,91531.00
2023-06-09,138.00,139.00,138.00,139.00,138.92173913043,0.72,8,115.00000,15976.00
2023-06-07,136.00,140.00,136.00,138.00,137.50980392157,2.22,30,1275.00000,175325.00
2023-06-06,135.00,135.00,135.00,135.00,135.00000000000,0.00,4,15.00000,2025.00
2023-06-05,134.00,135.00,134.00,135.00,134.42553191489,2.27,4,47.00000,6318.00
2023-06-02,134.00,134.00,132.00,132.00,133.33333333333,-2.22,3,30.00000,4000.00
2023-05-31,135.00,135.00,135.00,135.00,135.00000000000,0.00,1,2.00000,270.00
2023-05-26,135.00,136.00,135.00,135.00,135.00798403194,0.75,6,501.00000,67639.00
2023-05-25,134.00,134.00,130.00,134.00,132.55421686747,0.00,8,249.00000,33006.00
2023-05-24,133.00,134.00,133.00,134.00,133.90079365079,0.75,9,504.00000,67486.00
2023-05-23,133.00,133.00,133.00,133.00,133.00000000000,-0.75,1,5.00000,665.00
2023-05-22,132.00,134.00,132.00,134.00,133.12727272727,3.88,7,55.00000,7322.00
2023-05-18,131.00,131.00,129.00,129.00,129.13793103448,-2.27,4,116.00000,14980.00
2023-05-17,130.00,132.00,130.00,132.00,130.33333333333,3.13,2,12.00000,1564.00
2023-05-16,129.00,129.00,128.00,128.00,128.49333333333,0.00,5,75.00000,9637.00
2023-05-15,131.00,131.00,128.00,128.00,128.61904761905,-1.54,3,63.00000,8103.00
2023-05-12,130.00,130.00,130.00,130.00,130.00000000000,0.78,4,47.00000,6110.00
2023-05-11,129.00,130.00,128.00,129.00,128.82587064677,0.78,9,201.00000,25894.00
2023-05-10,128.00,128.00,128.00,128.00,128.00000000000,0.00,1,50.00000,6400.00
2023-05-09,128.00,128.00,128.00,128.00,128.00000000000,0.00,1,24.00000,3072.00
2023-05-08,128.00,128.00,128.00,128.00,128.00000000000,-0.78,4,152.00000,19456.00
2023-05-04,129.00,129.00,129.00,129.00,129.00000000000,0.00,1,10.00000,1290.00
2023-05-03,129.00,129.00,129.00,129.00,129.00000000000,1.57,2,32.00000,4128.00
2023-05-02,129.00,129.00,127.00,127.00,128.92361111111,-1.55,7,288.00000,37130.00
2023-04-27,135.00,135.00,125.00,129.00,128.83598531212,-0.77,29,817.00000,105259.00
2023-04-26,130.00,130.00,130.00,130.00,130.00000000000,-0.76,2,50.00000,6500.00
2023-04-25,132.00,134.00,131.00,131.00,131.86842105263,-2.24,13,228.00000,30066.00
2023-04-24,134.00,134.00,132.00,134.00,133.27272727273,0.00,3,55.00000,7330.00
2023-04-21,134.00,134.00,134.00,134.00,134.00000000000,-0.74,9,186.00000,24924.00
2023-04-20,132.00,135.00,132.00,135.00,133.55401662050,0.75,9,361.00000,48213.00
2023-04-19,134.00,134.00,134.00,134.00,134.00000000000,0.75,1,32.00000,4288.00
2023-04-18,130.00,133.00,129.00,133.00,130.82758620690,0.00,7,58.00000,7588.00
2023-04-14,133.00,133.00,133.00,133.00,133.00000000000,0.00,4,47.00000,6251.00
2023-04-13,133.00,133.00,133.00,133.00,133.00000000000,1.53,1,2.00000,266.00
2023-04-12,127.00,131.00,127.00,131.00,130.73684210526,3.97,4,76.00000,9936.00
2023-04-11,126.00,126.00,126.00,126.00,126.00000000000,0.80,7,125.00000,15750.00
2023-04-06,126.00,126.00,125.00,125.00,125.51757188498,-0.79,7,313.00000,39287.00
2023-04-05,129.00,129.00,126.00,126.00,127.03013182674,-0.79,14,531.00000,67453.00
2023-03-31,127.00,127.00,127.00,127.00,127.00000000000,-0.78,1,11.00000,1397.00
2023-03-29,128.00,128.00,128.00,128.00,128.00000000000,1.59,1,34.00000,4352.00
2023-03-28,127.00,127.00,126.00,126.00,126.01827956989,-1.56,6,930.00000,117197.00
2023-03-24,129.00,129.00,128.00,128.00,128.34375000000,-0.78,3,64.00000,8214.00
2023-03-22,129.00,129.00,129.00,129.00,129.00000000000,-1.53,2,90.00000,11610.00
2023-03-21,129.00,131.00,129.00,131.00,130.06250000000,0.00,3,32.00000,4162.00
2023-03-17,131.00,131.00,131.00,131.00,131.00000000000,3.97,1,3.00000,393.00
2023-03-15,133.00,133.00,126.00,126.00,130.17021276596,-3.82,5,47.00000,6118.00
2023-03-14,132.00,132.00,129.00,131.00,130.14788732394,-1.50,8,284.00000,36962.00
2023-03-13,134.00,134.00,133.00,133.00,133.32975871314,0.00,7,373.00000,49732.00
2023-03-10,133.00,134.00,131.00,133.00,132.78339350181,0.00,9,554.00000,73562.00
2023-03-09,136.00,136.00,133.00,133.00,134.96629213483,0.00,3,89.00000,12012.00
2023-03-08,135.00,137.00,133.00,133.00,134.89215686275,-0.75,12,510.00000,68795.00
2023-03-07,134.00,134.00,134.00,134.00,134.00000000000,-0.74,1,26.00000,3484.00
2023-03-06,135.00,135.00,134.00,135.00,134.18699186992,0.75,6,123.00000,16505.00
2023-03-03,136.00,136.00,134.00,134.00,134.83391003460,-2.19,11,289.00000,38967.00
2023-03-02,134.00,137.00,134.00,137.00,134.81670533643,1.48,18,431.00000,58106.00
2023-03-01,128.00,135.00,128.00,135.00,131.33472133248,4.65,19,3122.00000,410027.00
2023-02-28,126.00,129.00,126.00,129.00,127.91460055096,3.20,15,363.00000,46433.00
2023-02-27,125.00,125.00,125.00,125.00,125.00000000000,-2.34,1,154.00000,19250.00
2023-02-24,125.00,128.00,122.00,128.00,123.96038034865,1.59,14,631.00000,78219.00
2023-02-23,126.00,126.00,126.00,126.00,126.00000000000,-1.56,3,81.00000,10206.00
2023-02-22,126.00,128.00,126.00,128.00,126.63636363636,1.59,4,110.00000,13930.00
2023-02-21,127.00,127.00,126.00,126.00,126.76923076923,-0.79,2,65.00000,8240.00
2023-02-20,126.00,127.00,126.00,127.00,126.52941176471,1.60,2,85.00000,10755.00
2023-02-17,125.00,125.00,125.00,125.00,125.00000000000,-1.57,1,7.00000,875.00
2023-02-16,127.00,127.00,127.00,127.00,127.00000000000,-1.55,2,72.00000,9144.00
2023-02-15,129.00,129.00,129.00,129.00,129.00000000000,0.78,2,48.00000,6192.00
2023-02-14,128.00,128.00,128.00,128.00,128.00000000000,3.23,2,12.00000,1536.00
2023-02-13,124.00,124.00,124.00,124.00,124.00000000000,-3.88,4,30.00000,3720.00
2023-02-10,128.00,129.00,128.00,129.00,128.36036036036,0.00,6,111.00000,14248.00
2023-02-09,126.00,129.00,126.00,129.00,128.14054054054,2.38,7,185.00000,23706.00
2023-02-08,125.00,126.00,125.00,126.00,125.60714285714,2.44,5,140.00000,17585.00
2023-02-07,122.00,123.00,122.00,123.00,122.28409090909,-1.60,8,1056.00000,129132.00
2023-02-06,125.00,125.00,125.00,125.00,125.00000000000,-0.79,1,200.00000,25000.00
2023-02-03,126.00,126.00,126.00,126.00,126.00000000000,3.28,1,50.00000,6300.00
2023-02-02,123.00,123.00,122.00,122.00,122.33593750000,-0.81,6,128.00000,15659.00
2023-02-01,125.00,125.00,123.00,123.00,124.26037735849,-0.81,10,265.00000,32929.00
2023-01-31,124.00,124.00,124.00,124.00,124.00000000000,-1.59,4,97.00000,12028.00
2023-01-30,126.00,126.00,124.00,126.00,125.40869565217,0.00,4,230.00000,28844.00
2023-01-27,126.00,126.00,126.00,126.00,126.00000000000,0.00,2,50.00000,6300.00
2023-01-26,126.00,126.00,126.00,126.00,126.00000000000,-0.79,3,210.00000,26460.00
2023-01-25,125.00,127.00,125.00,127.00,125.17699115044,1.60,6,113.00000,14145.00
2023-01-24,122.00,125.00,122.00,125.00,122.82835820896,2.46,4,268.00000,32918.00
2023-01-20,122.00,122.00,122.00,122.00,122.00000000000,-0.81,2,50.00000,6100.00
2023-01-18,120.00,123.00,120.00,123.00,122.04119318182,4.24,17,704.00000,85917.00
2023-01-17,116.00,118.00,116.00,118.00,116.22335025381,1.72,8,788.00000,91584.00
2023-01-16,122.00,122.00,116.00,116.00,118.10091743119,-4.92,13,327.00000,38619.00
2023-01-13,122.00,122.00,122.00,122.00,122.00000000000,0.00,3,21.00000,2562.00
2023-01-12,120.00,122.00,120.00,122.00,121.24752475248,1.67,15,1111.00000,134706.00
2023-01-11,120.00,120.00,120.00,120.00,120.00000000000,0.00,1,37.00000,4440.00
2023-01-10,120.00,120.00,120.00,120.00,120.00000000000,4.35,5,110.00000,13200.00
2023-01-02,115.00,115.00,115.00,115.00,115.00000000000,0.00,1,34.00000,3910.00
2022-12-28,870.00,870.00,865.00,865.00,868.27586206897,-0.57,2,58.00000,50360.00
2022-12-27,870.00,870.00,870.00,870.00,870.00000000000,0.00,1,60.00000,52200.00
2022-12-23,870.00,870.00,870.00,870.00,870.00000000000,0.00,2,59.00000,51330.00
2022-12-21,875.00,875.00,870.00,870.00,874.91666666667,0.58,4,120.00000,104990.00
2022-12-16,855.00,865.00,855.00,865.00,857.50000000000,1.17,3,16.00000,13720.00
2022-12-14,855.00,855.00,855.00,855.00,855.00000000000,1.79,1,10.00000,8550.00
2022-12-13,850.00,850.00,840.00,840.00,843.33333333333,0.00,4,60.00000,50600.00
2022-12-12,840.00,840.00,840.00,840.00,840.00000000000,1.20,3,1172.00000,984480.00
2022-12-09,830.00,830.00,830.00,830.00,830.00000000000,0.00,6,225.00000,186750.00
2022-12-08,835.00,835.00,830.00,830.00,830.04798464491,-0.60,5,521.00000,432455.00
2022-12-07,835.00,840.00,835.00,835.00,835.08333333333,0.00,4,60.00000,50105.00
2022-12-06,835.00,835.00,835.00,835.00,835.00000000000,0.00,1,28.00000,23380.00
2022-12-05,840.00,840.00,830.00,835.00,831.66666666667,-0.60,4,30.00000,24950.00
2022-12-02,835.00,840.00,835.00,840.00,839.07608695652,1.20,3,184.00000,154390.00
2022-12-01,830.00,830.00,830.00,830.00,830.00000000000,0.61,2,50.00000,41500.00
2022-11-30,825.00,825.00,825.00,825.00,825.00000000000,-0.60,1,10.00000,8250.00
2022-11-24,840.00,840.00,830.00,830.00,837.75280898876,-1.19,5,445.00000,372800.00
2022-11-21,840.00,840.00,840.00,840.00,840.00000000000,0.00,3,154.00000,129360.00
2022-11-17,840.00,840.00,840.00,840.00,840.00000000000,0.00,1,4.00000,3360.00
2022-11-16,840.00,840.00,840.00,840.00,840.00000000000,1.20,1,8.00000,6720.00
2022-11-15,810.00,830.00,810.00,830.00,824.52054794521,0.00,3,73.00000,60190.00
2022-11-11,830.00,830.00,830.00,830.00,830.00000000000,0.61,1,2.00000,1660.00
2022-11-10,825.00,825.00,825.00,825.00,825.00000000000,0.00,4,330.00000,272250.00
2022-11-10,,825.00,825.00,825.00,825.00000000000,,1,2687.00000,2216775.00
2022-11-04,815.00,825.00,795.00,825.00,807.85714285714,1.23,7,189.00000,152685.00
2022-11-02,840.00,840.00,815.00,815.00,832.57575757576,-3.55,11,198.00000,164850.00
2022-10-31,850.00,850.00,845.00,845.00,845.80985915493,-0.59,4,142.00000,120105.00
2022-10-28,850.00,850.00,850.00,850.00,850.00000000000,-1.73,3,83.00000,70550.00
2022-10-27,850.00,870.00,850.00,865.00,860.84210526316,1.76,10,380.00000,327120.00
2022-10-26,850.00,850.00,850.00,850.00,850.00000000000,-0.58,2,55.00000,46750.00
2022-10-24,850.00,855.00,850.00,855.00,852.91666666667,-0.58,2,36.00000,30705.00
2022-10-19,860.00,860.00,860.00,860.00,860.00000000000,-1.15,3,35.00000,30100.00
2022-10-18,870.00,870.00,870.00,870.00,870.00000000000,2.35,3,59.00000,51330.00
2022-10-17,850.00,850.00,850.00,850.00,850.00000000000,-1.16,1,12.00000,10200.00
2022-10-14,840.00,860.00,840.00,860.00,845.45454545455,2.99,2,22.00000,18600.00
2022-10-13,835.00,835.00,835.00,835.00,835.00000000000,0.00,1,20.00000,16700.00
2022-10-12,835.00,835.00,835.00,835.00,835.00000000000,-1.76,5,130.00000,108550.00
2022-10-10,850.00,850.00,850.00,850.00,850.00000000000,0.00,2,30.00000,25500.00
2022-10-07,845.00,850.00,845.00,850.00,848.78787878788,0.00,2,66.00000,56020.00
2022-10-06,850.00,850.00,850.00,850.00,850.00000000000,0.59,2,132.00000,112200.00
2022-10-05,850.00,860.00,845.00,845.00,848.29601990050,-0.59,10,402.00000,341015.00
2022-10-04,850.00,850.00,850.00,850.00,850.00000000000,0.00,2,173.00000,147050.00
2022-10-03,860.00,865.00,850.00,850.00,853.44897959184,-2.30,5,245.00000,209095.00
2022-09-28,855.00,870.00,855.00,870.00,860.66037735849,1.75,4,53.00000,45615.00
2022-09-27,855.00,855.00,855.00,855.00,855.00000000000,0.00,5,2087.00000,1784385.00
2022-09-26,870.00,870.00,855.00,855.00,861.27634660422,-2.84,6,427.00000,367765.00
2022-09-23,875.00,880.00,870.00,880.00,874.44839857651,-0.56,5,281.00000,245720.00
2022-09-22,880.00,885.00,880.00,885.00,884.37500000000,1.72,4,400.00000,353750.00
2022-09-21,870.00,870.00,870.00,870.00,870.00000000000,-1.69,1,100.00000,87000.00
2022-09-19,885.00,885.00,885.00,885.00,885.00000000000,1.72,2,70.00000,61950.00
2022-09-16,870.00,870.00,870.00,870.00,870.00000000000,0.00,1,40.00000,34800.00
2022-09-15,870.00,870.00,870.00,870.00,870.00000000000,-0.57,2,10.00000,8700.00
2022-09-14,880.00,880.00,875.00,875.00,876.02000000000,-0.57,3,250.00000,219005.00
2022-09-13,880.00,885.00,880.00,880.00,884.18478260870,-0.56,6,92.00000,81345.00
2022-09-12,880.00,885.00,880.00,885.00,881.38888888889,0.57,3,18.00000,15865.00
2022-09-08,875.00,880.00,875.00,880.00,879.03846153846,0.00,3,26.00000,22855.00
2022-09-06,880.00,880.00,880.00,880.00,880.00000000000,1.73,1,9.00000,7920.00
2022-09-05,880.00,880.00,865.00,865.00,866.90140845070,0.00,4,71.00000,61550.00
2022-09-02,875.00,875.00,860.00,865.00,873.17961165049,-1.14,10,206.00000,179875.00
2022-08-31,885.00,885.00,875.00,875.00,880.53846153846,-1.13,6,65.00000,57235.00
2022-08-30,895.00,895.00,885.00,885.00,891.66666666667,-1.12,2,15.00000,13375.00
2022-08-29,895.00,895.00,895.00,895.00,895.00000000000,0.00,1,38.00000,34010.00
2022-08-26,895.00,895.00,895.00,895.00,895.00000000000,1.13,3,64.00000,57280.00
2022-08-23,885.00,885.00,885.00,885.00,885.00000000000,-1.12,3,129.00000,114165.00
2022-08-22,885.00,895.00,885.00,895.00,885.60402684564,0.00,3,298.00000,263910.00
2022-08-19,885.00,895.00,885.00,895.00,886.72413793103,0.00,2,58.00000,51430.00
2022-08-18,895.00,895.00,895.00,895.00,895.00000000000,-0.56,1,20.00000,17900.00
2022-08-17,900.00,900.00,900.00,900.00,900.00000000000,0.56,2,40.00000,36000.00
2022-08-16,895.00,895.00,895.00,895.00,895.00000000000,1.13,1,48.00000,42960.00
2022-08-11,900.00,900.00,885.00,885.00,885.09569377990,0.00,5,627.00000,554955.00
2022-08-10,880.00,885.00,880.00,885.00,880.20833333333,0.00,5,1200.00000,1056250.00
2022-08-09,880.00,885.00,880.00,885.00,880.21531100478,-0.56,3,209.00000,183965.00
2022-08-08,890.00,890.00,890.00,890.00,890.00000000000,1.14,2,10.00000,8900.00
2022-08-03,880.00,880.00,880.00,880.00,880.00000000000,0.57,2,20.00000,17600.00
2022-08-02,875.00,875.00,875.00,875.00,875.00000000000,0.00,2,32.00000,28000.00
2022-08-01,875.00,875.00,875.00,875.00,875.00000000000,0.57,2,50.00000,43750.00
2022-07-29,880.00,900.00,870.00,870.00,879.66292134831,-1.14,8,89.00000,78290.00
2022-07-28,870.00,880.00,870.00,880.00,874.93478260870,2.92,18,230.00000,201235.00
2022-07-26,855.00,855.00,855.00,855.00,855.00000000000,1.18,2,100.00000,85500.00
2022-07-25,840.00,845.00,840.00,845.00,842.50000000000,1.81,2,20.00000,16850.00
2022-07-22,835.00,835.00,830.00,830.00,831.11940298507,0.61,2,134.00000,111370.00
2022-07-21,830.00,830.00,825.00,825.00,827.71739130435,-1.79,5,460.00000,380750.00
2022-07-20,840.00,840.00,840.00,840.00,840.00000000000,-0.59,1,4.00000,3360.00
2022-07-18,835.00,845.00,835.00,845.00,843.73786407767,0.00,3,103.00000,86905.00
2022-07-13,845.00,845.00,845.00,845.00,845.00000000000,-1.74,2,200.00000,169000.00
2022-07-12,850.00,860.00,850.00,860.00,858.92857142857,1.18,3,28.00000,24050.00
2022-07-11,850.00,850.00,850.00,850.00,850.00000000000,0.00,1,45.00000,38250.00
2022-07-08,850.00,860.00,850.00,850.00,853.54838709677,-0.58,4,62.00000,52920.00
2022-07-07,860.00,860.00,855.00,855.00,855.09803921569,-0.58,2,153.00000,130830.00
2022-07-06,860.00,860.00,860.00,860.00,860.00000000000,0.00,2,116.00000,99760.00
2022-07-05,865.00,865.00,860.00,860.00,863.37837837838,-1.15,5,222.00000,191670.00
2022-07-04,870.00,870.00,870.00,870.00,870.00000000000,0.00,2,22.00000,19140.00
2022-07-01,870.00,870.00,870.00,870.00,870.00000000000,-0.57,3,118.00000,102660.00
2022-06-30,880.00,880.00,875.00,875.00,875.26548672566,0.00,5,113.00000,98905.00
2022-06-29,875.00,875.00,875.00,875.00,875.00000000000,0.00,1,35.00000,30625.00
2022-06-28,880.00,880.00,875.00,875.00,876.30434782609,-0.57,2,23.00000,20155.00
2022-06-27,880.00,880.00,880.00,880.00,880.00000000000,0.00,1,200.00000,176000.00
2022-06-24,885.00,890.00,875.00,880.00,879.80582524272,1.15,10,515.00000,453100.00
2022-06-23,875.00,875.00,870.00,870.00,872.50000000000,-1.69,6,500.00000,436250.00
2022-06-21,865.00,885.00,865.00,885.00,872.74038461538,1.72,4,104.00000,90765.00
2022-06-20,880.00,880.00,870.00,870.00,873.38983050847,-1.14,6,590.00000,515300.00
2022-06-17,890.00,890.00,880.00,880.00,885.37634408602,-2.22,7,372.00000,329360.00
2022-06-15,900.00,910.00,900.00,900.00,904.96688741722,1.12,5,151.00000,136650.00
2022-06-14,900.00,900.00,890.00,890.00,894.76190476190,-2.20,8,1050.00000,939500.00
2022-06-13,915.00,915.00,900.00,910.00,904.40617577197,-1.62,24,1263.00000,1142265.00
2022-06-08,930.00,930.00,925.00,925.00,925.19767441860,-0.54,8,430.00000,397835.00
2022-06-06,930.00,930.00,930.00,930.00,930.00000000000,0.00,5,280.00000,260400.00
2022-06-03,930.00,930.00,930.00,930.00,930.00000000000,-0.53,6,1009.00000,938370.00
2022-06-02,935.00,935.00,935.00,935.00,935.00000000000,0.00,1,38.00000,35530.00
2022-06-01,930.00,935.00,930.00,935.00,930.51282051282,1.08,3,390.00000,362900.00
2022-05-31,930.00,930.00,925.00,925.00,929.72549019608,0.00,5,255.00000,237080.00
2022-05-27,925.00,925.00,925.00,925.00,925.00000000000,-1.07,1,4.00000,3700.00
2022-05-25,930.00,935.00,930.00,935.00,930.65217391304,1.63,3,23.00000,21405.00
2022-05-24,930.00,930.00,920.00,920.00,923.84615384615,-1.08,2,65.00000,60050.00
2022-05-23,930.00,930.00,930.00,930.00,930.00000000000,0.00,1,1.00000,930.00
2022-05-20,930.00,930.00,930.00,930.00,930.00000000000,0.00,1,1.00000,930.00
2022-05-19,930.00,930.00,930.00,930.00,930.00000000000,0.00,9,420.00000,390600.00
2022-05-18,930.00,930.00,930.00,930.00,930.00000000000,0.00,3,56.00000,52080.00
2022-05-17,935.00,935.00,930.00,930.00,934.65116279070,0.00,3,430.00000,401900.00
2022-05-16,930.00,930.00,930.00,930.00,930.00000000000,-0.53,1,150.00000,139500.00
2022-05-13,935.00,935.00,935.00,935.00,935.00000000000,-0.53,3,450.00000,420750.00
2022-05-11,930.00,940.00,930.00,940.00,930.47619047619,1.08,2,42.00000,39080.00
2022-05-09,930.00,940.00,930.00,930.00,930.75362318841,-1.06,6,345.00000,321110.00
2022-05-06,940.00,940.00,940.00,940.00,940.00000000000,0.00,5,117.00000,109980.00
2022-05-05,945.00,945.00,940.00,940.00,942.83783783784,-2.08,4,74.00000,69770.00
2022-05-02,960.00,960.00,960.00,960.00,960.00000000000,-1.03,1,50.00000,48000.00
2022-04-29,965.00,970.00,960.00,970.00,966.28865979381,0.52,10,194.00000,187460.00
2022-04-28,945.00,975.00,945.00,965.00,965.23880597015,3.21,30,1340.00000,1293420.00
2022-04-27,935.00,935.00,935.00,935.00,935.00000000000,0.54,2,50.00000,46750.00
2022-04-25,930.00,930.00,930.00,930.00,930.00000000000,-0.53,2,45.00000,41850.00
2022-04-22,930.00,935.00,930.00,935.00,934.80769230769,0.54,2,52.00000,48610.00
2022-04-21,935.00,935.00,930.00,930.00,934.00000000000,-0.53,3,250.00000,233500.00
2022-04-20,935.00,935.00,935.00,935.00,935.00000000000,0.00,4,200.00000,187000.00
2022-04-19,940.00,940.00,935.00,935.00,936.24384236453,-0.53,8,812.00000,760230.00
2022-04-14,945.00,945.00,940.00,940.00,943.33333333333,-1.05,2,30.00000,28300.00
2022-04-13,950.00,950.00,950.00,950.00,950.00000000000,-1.04,1,10.00000,9500.00
2022-04-11,945.00,960.00,945.00,960.00,949.28571428571,1.59,2,7.00000,6645.00
2022-04-08,945.00,960.00,945.00,945.00,951.22222222222,0.53,11,495.00000,470855.00
2022-04-07,925.00,940.00,925.00,940.00,936.07954545455,0.00,4,176.00000,164750.00
2022-04-04,895.00,940.00,890.00,940.00,909.19365954514,5.03,15,1451.00000,1319240.00
2022-04-01,880.00,895.00,880.00,895.00,887.22891566265,0.56,6,415.00000,368200.00
2022-03-30,880.00,890.00,880.00,890.00,882.92397660819,0.00,5,171.00000,150980.00
2022-03-29,885.00,890.00,885.00,890.00,889.94059405941,0.00,5,505.00000,449420.00
2022-03-29,,885.00,885.00,885.00,885.00000000000,,1,3000.00000,2655000.00
2022-03-28,890.00,890.00,890.00,890.00,890.00000000000,1.14,1,10.00000,8900.00
2022-03-25,880.00,880.00,880.00,880.00,880.00000000000,0.00,1,50.00000,44000.00
2022-03-24,885.00,885.00,880.00,880.00,880.55555555556,-1.12,6,180.00000,158500.00
2022-03-22,895.00,895.00,885.00,890.00,890.60669456067,0.00,6,239.00000,212855.00
2022-03-21,890.00,890.00,880.00,890.00,889.24731182796,0.00,5,93.00000,82700.00
2022-03-18,890.00,890.00,890.00,890.00,890.00000000000,0.00,3,180.00000,160200.00
2022-03-17,880.00,890.00,880.00,890.00,883.44660194175,1.14,14,618.00000,545970.00
2022-03-16,875.00,880.00,875.00,880.00,879.73704268293,0.00,16,1312.00000,1154215.00
2022-03-15,865.00,880.00,865.00,880.00,872.65000000000,2.33,5,200.00000,174530.00
2022-03-14,865.00,870.00,860.00,860.00,865.63432835821,0.00,6,134.00000,115995.00
2022-03-11,855.00,860.00,855.00,860.00,855.62949640288,1.18,5,278.00000,237865.00
2022-03-10,855.00,855.00,850.00,850.00,854.07894736842,-1.16,5,190.00000,162275.00
2022-03-09,845.00,865.00,845.00,860.00,857.06806282723,2.38,8,573.00000,491100.00
2022-03-08,845.00,850.00,840.00,840.00,847.66978922717,0.00,11,427.00000,361955.00
2022-03-07,830.00,840.00,830.00,840.00,837.59013282732,-1.18,9,527.00000,441410.00
2022-03-04,850.00,850.00,850.00,850.00,850.00000000000,-1.16,7,185.00000,157250.00
2022-03-03,830.00,860.00,830.00,860.00,848.28358208955,3.61,6,134.00000,113670.00
2022-03-02,830.00,835.00,830.00,830.00,830.04019292605,-2.35,15,1244.00000,1032570.00
2022-03-01,855.00,855.00,850.00,850.00,850.39007092199,-1.73,5,282.00000,239810.00
2022-02-28,870.00,870.00,850.00,865.00,862.50371471025,-2.81,17,673.00000,580465.00
2022-02-25,860.00,890.00,850.00,890.00,872.68292682927,3.49,10,82.00000,71560.00
2022-02-24,875.00,875.00,825.00,860.00,846.80589680590,-6.52,25,1221.00000,1033950.00
2022-02-23,910.00,920.00,910.00,920.00,914.18124006359,1.10,12,629.00000,575020.00
2022-02-22,910.00,910.00,900.00,910.00,907.42346938776,-1.09,14,784.00000,711420.00
2022-02-21,915.00,920.00,915.00,920.00,915.45454545455,-1.08,3,88.00000,80560.00
2022-02-18,930.00,930.00,930.00,930.00,930.00000000000,0.00,4,94.00000,87420.00
2022-02-17,930.00,930.00,930.00,930.00,930.00000000000,0.54,4,174.00000,161820.00
2022-02-16,930.00,930.00,925.00,925.00,926.81159420290,0.00,4,138.00000,127900.00
2022-02-15,925.00,925.00,925.00,925.00,925.00000000000,-0.54,2,7.00000,6475.00
2022-02-14,935.00,935.00,930.00,930.00,931.64473684211,-2.11,3,152.00000,141610.00
2022-02-11,950.00,950.00,940.00,950.00,949.34959349593,0.53,7,369.00000,350310.00
2022-02-10,940.00,950.00,940.00,945.00,949.66779661017,0.53,10,1475.00000,1400760.00
2022-02-09,910.00,940.00,910.00,940.00,928.76963350785,3.30,12,573.00000,532185.00
2022-02-08,910.00,910.00,910.00,910.00,910.00000000000,0.00,4,265.00000,241150.00
2022-02-07,910.00,910.00,910.00,910.00,910.00000000000,0.55,2,11.00000,10010.00
2022-02-04,910.00,910.00,905.00,905.00,905.15000000000,0.00,2,100.00000,90515.00
2022-02-03,910.00,910.00,905.00,905.00,905.18750000000,-2.16,2,80.00000,72415.00
2022-02-01,895.00,930.00,895.00,925.00,916.43109540636,2.78,9,283.00000,259350.00
2022-01-31,885.00,900.00,885.00,900.00,899.25081433225,1.69,8,614.00000,552140.00
2022-01-27,890.00,890.00,885.00,885.00,886.85294117647,-1.67,6,170.00000,150765.00
2022-01-26,900.00,910.00,900.00,900.00,905.09202453988,1.12,10,326.00000,295060.00
2022-01-25,890.00,900.00,880.00,890.00,887.96000000000,0.00,7,250.00000,221990.00
2022-01-24,915.00,915.00,890.00,890.00,897.53488372093,-3.26,16,645.00000,578910.00
2022-01-21,945.00,945.00,920.00,920.00,935.28415961306,-2.65,11,827.00000,773480.00
2022-01-20,950.00,950.00,945.00,945.00,945.20000000000,-0.53,2,50.00000,47260.00
2022-01-19,955.00,955.00,950.00,950.00,952.85714285714,-1.55,3,35.00000,33350.00
2022-01-18,965.00,965.00,965.00,965.00,965.00000000000,1.58,3,241.00000,232565.00
2022-01-17,950.00,950.00,950.00,950.00,950.00000000000,-3.06,2,8.00000,7600.00
2022-01-14,935.00,980.00,935.00,980.00,945.91482649842,4.26,7,634.00000,599710.00
2022-01-13,940.00,945.00,940.00,940.00,940.10000000000,0.00,4,100.00000,94010.00
2022-01-12,925.00,940.00,920.00,940.00,922.21333333333,1.08,10,375.00000,345830.00
2022-01-10,920.00,930.00,920.00,930.00,927.34782608696,0.00,8,230.00000,213290.00
2022-01-07,920.00,930.00,920.00,930.00,928.49056603774,0.00,3,106.00000,98420.00
2022-01-04,940.00,940.00,930.00,930.00,934.16666666667,-0.53,2,24.00000,22420.00
2022-01-03,900.00,935.00,900.00,935.00,921.11623616236,3.89,7,1084.00000,998490.00
2021-12-30,890.00,900.00,880.00,900.00,895.57640750670,2.27,12,373.00000,334050.00
2021-12-29,880.00,885.00,875.00,880.00,879.34895833333,1.15,7,576.00000,506505.00
2021-12-27,870.00,870.00,870.00,870.00,870.00000000000,0.00,1,16.00000,13920.00
2021-12-23,875.00,875.00,870.00,870.00,874.51923076923,-0.57,3,104.00000,90950.00
2021-12-22,880.00,880.00,875.00,875.00,878.53448275862,-0.57,2,58.00000,50955.00
2021-12-21,880.00,880.00,870.00,880.00,875.61278863233,0.57,12,563.00000,492970.00
2021-12-20,880.00,885.00,870.00,875.00,873.94859813084,-1.13,8,214.00000,187025.00
2021-12-17,870.00,885.00,870.00,885.00,880.95155709343,1.72,14,289.00000,254595.00
2021-12-16,860.00,870.00,850.00,870.00,865.22829006267,2.35,20,1117.00000,966460.00
2021-12-15,840.00,850.00,840.00,850.00,843.67015706806,1.80,13,1910.00000,1611410.00
2021-12-14,835.00,835.00,825.00,835.00,833.91601562500,1.83,8,512.00000,426965.00
2021-12-13,830.00,835.00,820.00,820.00,833.13630041725,0.00,12,719.00000,599025.00
2021-12-10,805.00,820.00,805.00,820.00,813.58333333333,1.23,13,600.00000,488150.00
2021-12-09,805.00,810.00,805.00,810.00,805.38674033149,0.62,7,905.00000,728875.00
2021-12-08,795.00,805.00,790.00,805.00,800.55555555556,0.63,8,630.00000,504350.00
2021-12-07,775.00,805.00,775.00,800.00,798.42026378897,3.90,13,1668.00000,1331765.00
2021-12-06,770.00,775.00,770.00,770.00,770.13307984791,0.00,7,263.00000,202545.00
2021-12-02,770.00,770.00,770.00,770.00,770.00000000000,0.00,3,213.00000,164010.00
2021-11-29,780.00,780.00,770.00,770.00,777.08609271523,-1.28,4,151.00000,117340.00
2021-11-26,780.00,780.00,780.00,780.00,780.00000000000,0.00,1,33.00000,25740.00
2021-11-25,775.00,780.00,765.00,780.00,776.65662650602,0.65,14,1162.00000,902475.00
2021-11-24,775.00,775.00,775.00,775.00,775.00000000000,1.31,4,50.00000,38750.00
2021-11-23,765.00,765.00,765.00,765.00,765.00000000000,-0.65,2,150.00000,114750.00
2021-11-22,765.00,770.00,765.00,770.00,767.21674876847,0.65,7,203.00000,155745.00
2021-11-19,765.00,765.00,765.00,765.00,765.00000000000,0.00,1,32.00000,24480.00
2021-11-16,765.00,765.00,765.00,765.00,765.00000000000,0.00,4,180.00000,137700.00
2021-11-15,765.00,765.00,765.00,765.00,765.00000000000,0.66,2,16.00000,12240.00
2021-11-11,760.00,760.00,760.00,760.00,760.00000000000,0.00,2,50.00000,38000.00
2021-11-10,760.00,760.00,760.00,760.00,760.00000000000,0.00,5,245.00000,186200.00
2021-11-09,760.00,760.00,760.00,760.00,760.00000000000,0.66,1,10.00000,7600.00
2021-11-08,755.00,755.00,755.00,755.00,755.00000000000,-0.66,1,25.00000,18875.00
2021-11-05,760.00,760.00,760.00,760.00,760.00000000000,-0.65,1,50.00000,38000.00
2021-11-03,765.00,765.00,765.00,765.00,765.00000000000,0.00,1,10.00000,7650.00
2021-11-02,775.00,775.00,760.00,765.00,763.37155963303,-1.29,8,218.00000,166415.00
2021-10-29,775.00,775.00,775.00,775.00,775.00000000000,-0.64,6,265.00000,205375.00
2021-10-28,750.00,780.00,750.00,780.00,763.72532188841,3.31,32,1165.00000,889740.00
2021-10-27,750.00,755.00,750.00,755.00,750.46052631579,0.00,2,76.00000,57035.00
2021-10-26,750.00,755.00,750.00,755.00,750.83333333333,1.34,3,36.00000,27030.00
2021-10-25,755.00,755.00,745.00,745.00,751.42857142857,0.00,2,14.00000,10520.00
2021-10-22,745.00,745.00,745.00,745.00,745.00000000000,-0.67,1,12.00000,8940.00
2021-10-21,750.00,750.00,750.00,750.00,750.00000000000,0.00,4,145.00000,108750.00
2021-10-20,740.00,750.00,740.00,750.00,744.16666666667,0.00,4,48.00000,35720.00
2021-10-18,750.00,750.00,750.00,750.00,750.00000000000,-1.32,1,34.00000,25500.00
2021-10-15,765.00,765.00,760.00,760.00,760.35519125683,0.00,5,366.00000,278290.00
2021-10-14,760.00,760.00,760.00,760.00,760.00000000000,0.00,1,10.00000,7600.00
2021-10-13,765.00,765.00,760.00,760.00,762.50000000000,-1.94,2,200.00000,152500.00
2021-10-12,775.00,775.00,775.00,775.00,775.00000000000,0.00,1,50.00000,38750.00
2021-10-08,770.00,775.00,770.00,775.00,773.92857142857,-0.64,5,280.00000,216700.00
2021-10-07,775.00,780.00,775.00,780.00,777.59259259259,2.63,3,81.00000,62985.00
2021-10-06,760.00,760.00,760.00,760.00,760.00000000000,1.33,4,108.00000,82080.00
2021-10-05,740.00,750.00,740.00,750.00,747.96163069544,1.35,9,417.00000,311900.00
2021-10-04,725.00,740.00,725.00,740.00,736.66666666667,2.07,13,222.00000,163540.00
2021-10-01,725.00,730.00,725.00,725.00,725.03703703704,0.69,4,135.00000,97880.00
2021-09-29,720.00,720.00,720.00,720.00,720.00000000000,-0.69,2,102.00000,73440.00
2021-09-28,725.00,725.00,725.00,725.00,725.00000000000,-0.68,1,7.00000,5075.00
2021-09-27,725.00,730.00,720.00,730.00,722.59856630824,-0.68,6,279.00000,201605.00
2021-09-24,735.00,735.00,735.00,735.00,735.00000000000,0.68,1,20.00000,14700.00
2021-09-21,710.00,730.00,710.00,730.00,721.66666666667,2.10,2,12.00000,8660.00
2021-09-20,735.00,735.00,715.00,715.00,723.66228070175,-2.72,9,456.00000,329990.00
2021-09-17,730.00,735.00,730.00,735.00,733.43750000000,0.68,3,160.00000,117350.00
2021-09-16,730.00,730.00,730.00,730.00,730.00000000000,0.69,1,10.00000,7300.00
2021-09-15,720.00,725.00,720.00,725.00,720.45454545455,-0.68,5,110.00000,79250.00
2021-09-14,730.00,730.00,730.00,730.00,730.00000000000,1.39,1,8.00000,5840.00
2021-09-09,720.00,720.00,720.00,720.00,720.00000000000,-0.69,4,93.00000,66960.00
2021-09-08,725.00,725.00,725.00,725.00,725.00000000000,0.00,2,100.00000,72500.00
2021-09-02,725.00,725.00,725.00,725.00,725.00000000000,0.00,3,56.00000,40600.00
2021-08-31,725.00,725.00,725.00,725.00,725.00000000000,-0.68,2,15.00000,10875.00
2021-08-30,725.00,730.00,725.00,730.00,725.87837837838,0.69,3,74.00000,53715.00
2021-08-27,725.00,725.00,725.00,725.00,725.00000000000,-0.68,4,273.00000,197925.00
2021-08-25,725.00,730.00,725.00,730.00,726.31578947368,0.00,3,38.00000,27600.00
2021-08-23,730.00,730.00,730.00,730.00,730.00000000000,-0.68,1,10.00000,7300.00
2021-08-19,740.00,740.00,735.00,735.00,736.15384615385,-1.34,3,130.00000,95700.00
2021-08-18,745.00,745.00,745.00,745.00,745.00000000000,-0.67,3,149.00000,111005.00
2021-08-16,750.00,750.00,750.00,750.00,750.00000000000,0.00,2,110.00000,82500.00
2021-08-12,750.00,750.00,750.00,750.00,750.00000000000,0.00,1,21.00000,15750.00
2021-08-11,750.00,750.00,750.00,750.00,750.00000000000,0.00,5,448.00000,336000.00
2021-08-10,750.00,750.00,750.00,750.00,750.00000000000,-0.66,3,60.00000,45000.00
2021-08-09,750.00,755.00,750.00,755.00,752.05128205128,0.00,4,39.00000,29330.00
2021-08-06,755.00,755.00,755.00,755.00,755.00000000000,-0.66,4,95.00000,71725.00
2021-08-04,760.00,760.00,760.00,760.00,760.00000000000,1.33,1,40.00000,30400.00
2021-08-03,750.00,750.00,750.00,750.00,750.00000000000,0.00,1,25.00000,18750.00
2021-08-02,755.00,755.00,750.00,750.00,754.01606425703,-0.66,6,1494.00000,1126500.00
2021-07-30,755.00,755.00,755.00,755.00,755.00000000000,-0.66,2,21.00000,15855.00
2021-07-29,755.00,760.00,755.00,760.00,758.12874251497,0.66,6,668.00000,506430.00
2021-07-28,755.00,755.00,755.00,755.00,755.00000000000,0.67,1,250.00000,188750.00
2021-07-27,745.00,750.00,745.00,750.00,747.34042553191,0.67,6,235.00000,175625.00
2021-07-26,740.00,745.00,740.00,745.00,741.60000000000,0.00,2,25.00000,18540.00
2021-07-23,745.00,745.00,745.00,745.00,745.00000000000,0.00,1,10.00000,7450.00
2021-07-22,740.00,745.00,740.00,745.00,741.29870129870,0.68,2,77.00000,57080.00
2021-07-21,740.00,740.00,740.00,740.00,740.00000000000,-0.67,1,1.00000,740.00
2021-07-20,745.00,745.00,745.00,745.00,745.00000000000,-0.67,1,44.00000,32780.00
2021-07-16,740.00,750.00,740.00,750.00,748.75000000000,0.00,4,80.00000,59900.00
2021-07-15,740.00,750.00,740.00,750.00,749.34579439252,0.67,4,107.00000,80180.00
2021-07-14,745.00,745.00,745.00,745.00,745.00000000000,0.00,1,35.00000,26075.00
2021-07-12,740.00,750.00,740.00,745.00,749.09252669039,-0.67,8,281.00000,210495.00
2021-07-09,750.00,750.00,750.00,750.00,750.00000000000,0.67,1,2.00000,1500.00
2021-07-08,750.00,750.00,745.00,745.00,749.87804878049,-0.67,6,410.00000,307450.00
2021-07-07,750.00,750.00,750.00,750.00,750.00000000000,0.00,8,456.00000,342000.00
2021-07-06,750.00,755.00,750.00,750.00,750.03924030764,0.00,28,6371.00000,4778500.00
2021-07-05,755.00,755.00,750.00,750.00,750.05899705015,-0.66,7,1017.00000,762810.00
2021-07-02,755.00,755.00,755.00,755.00,755.00000000000,0.00,3,190.00000,143450.00
2021-06-29,,755.00,755.00,755.00,755.00000000000,,1,2700.00000,2038500.00
2021-06-28,760.00,760.00,755.00,755.00,758.14814814815,-0.66,4,27.00000,20470.00
2021-06-25,760.00,760.00,760.00,760.00,760.00000000000,0.66,2,12.00000,9120.00
2021-06-24,750.00,755.00,750.00,755.00,754.13907284768,0.00,4,302.00000,227750.00
2021-06-23,755.00,755.00,755.00,755.00,755.00000000000,0.00,3,87.00000,65685.00
2021-06-21,760.00,760.00,755.00,755.00,759.16666666667,-1.31,2,60.00000,45550.00
2021-06-18,765.00,765.00,765.00,765.00,765.00000000000,0.00,2,12.00000,9180.00
2021-06-17,750.00,765.00,745.00,765.00,752.22482435597,1.32,9,427.00000,321200.00
2021-06-16,745.00,755.00,740.00,755.00,749.57558609539,1.34,11,1237.00000,927225.00
2021-06-16,,750.00,750.00,750.00,750.00000000000,,1,4000.00000,3000000.00
2021-06-15,740.00,745.00,740.00,745.00,743.73540856031,0.68,6,257.00000,191140.00
2021-06-14,735.00,740.00,735.00,740.00,738.33333333333,0.68,2,150.00000,110750.00
2021-06-11,740.00,740.00,735.00,735.00,739.19431279621,-0.68,6,211.00000,155970.00
2021-06-10,740.00,740.00,740.00,740.00,740.00000000000,0.00,1,67.00000,49580.00
2021-06-09,740.00,740.00,740.00,740.00,740.00000000000,0.68,1,20.00000,14800.00
2021-06-08,735.00,735.00,735.00,735.00,735.00000000000,0.00,6,214.00000,157290.00
2021-06-04,730.00,735.00,730.00,735.00,734.90689013035,-0.68,7,537.00000,394645.00
2021-06-02,715.00,740.00,715.00,740.00,726.98555956679,3.50,11,277.00000,201375.00
2021-06-01,710.00,715.00,710.00,715.00,714.22222222222,1.42,4,90.00000,64280.00
2021-05-31,705.00,705.00,705.00,705.00,705.00000000000,0.71,2,25.00000,17625.00
2021-05-25,700.00,710.00,700.00,700.00,701.44624573379,-0.71,14,1172.00000,822095.00
2021-05-24,710.00,710.00,695.00,705.00,704.85207100592,-0.70,5,169.00000,119120.00
2021-05-21,695.00,710.00,695.00,710.00,705.64655172414,2.16,6,116.00000,81855.00
2021-05-20,695.00,695.00,695.00,695.00,695.00000000000,-1.42,1,13.00000,9035.00
2021-05-19,705.00,705.00,705.00,705.00,705.00000000000,0.00,2,150.00000,105750.00
2021-05-18,705.00,705.00,705.00,705.00,705.00000000000,1.44,4,205.00000,144525.00
2021-05-17,695.00,695.00,695.00,695.00,695.00000000000,0.72,1,10.00000,6950.00
2021-05-14,690.00,690.00,690.00,690.00,690.00000000000,-0.72,3,165.00000,113850.00
2021-05-13,695.00,695.00,695.00,695.00,695.00000000000,1.46,2,17.00000,11815.00
2021-05-12,690.00,690.00,685.00,685.00,687.85198555957,-1.44,10,277.00000,190535.00
2021-05-10,700.00,700.00,695.00,695.00,696.66666666667,-0.71,2,30.00000,20900.00
2021-05-07,700.00,700.00,700.00,700.00,700.00000000000,-0.71,2,101.00000,70700.00
2021-05-06,705.00,710.00,700.00,705.00,703.01546391753,0.00,7,194.00000,136385.00
2021-05-05,710.00,710.00,705.00,705.00,705.95057034221,-2.08,3,263.00000,185665.00
2021-05-04,720.00,720.00,720.00,720.00,720.00000000000,0.00,3,18.00000,12960.00
2021-05-03,710.00,720.00,710.00,720.00,712.76315789474,0.70,5,190.00000,135425.00
2021-04-30,710.00,715.00,710.00,715.00,710.08116084604,0.00,5,2033.00000,1443595.00
2021-04-29,680.00,715.00,680.00,715.00,700.53686293914,5.15,31,2021.00000,1415785.00
2021-04-28,680.00,680.00,680.00,680.00,680.00000000000,-0.73,5,259.00000,176120.00
2021-04-27,685.00,685.00,685.00,685.00,685.00000000000,0.74,3,177.00000,121245.00
2021-04-26,680.00,680.00,680.00,680.00,680.00000000000,0.00,3,91.00000,61880.00
2021-04-23,680.00,680.00,680.00,680.00,680.00000000000,-0.73,3,130.00000,88400.00
2021-04-22,685.00,685.00,685.00,685.00,685.00000000000,0.00,7,2500.00000,1712500.00
2021-04-21,685.00,685.00,685.00,685.00,685.00000000000,0.00,8,667.00000,456895.00
2021-04-21,,685.00,685.00,685.00,685.00000000000,,1,5000.00000,3425000.00
2021-04-20,685.00,685.00,685.00,685.00,685.00000000000,0.00,6,46.00000,31510.00
2021-04-15,685.00,685.00,685.00,685.00,685.00000000000,0.00,2,140.00000,95900.00
2021-04-14,685.00,685.00,685.00,685.00,685.00000000000,0.00,1,10.00000,6850.00
2021-04-12,695.00,695.00,685.00,685.00,690.04237288136,-0.72,8,472.00000,325700.00
2021-04-09,695.00,695.00,690.00,690.00,693.78787878788,-0.72,2,132.00000,91580.00
2021-04-08,685.00,695.00,685.00,695.00,691.42857142857,1.46,7,497.00000,343640.00
2021-04-07,690.00,690.00,685.00,685.00,685.04076086957,0.74,4,368.00000,252095.00
2021-03-29,685.00,685.00,680.00,680.00,682.25000000000,-2.86,2,20.00000,13645.00
2021-03-26,690.00,700.00,690.00,700.00,693.20000000000,1.45,6,300.00000,207960.00
2021-03-25,690.00,690.00,690.00,690.00,690.00000000000,-1.43,1,22.00000,15180.00
2021-03-22,700.00,700.00,695.00,700.00,698.52941176471,0.00,12,408.00000,285000.00
2021-03-19,675.00,700.00,675.00,700.00,693.46467391304,2.94,21,368.00000,255195.00
2021-03-18,680.00,680.00,680.00,680.00,680.00000000000,-1.45,4,57.00000,38760.00
2021-03-17,690.00,690.00,690.00,690.00,690.00000000000,0.00,2,7.00000,4830.00
2021-03-15,690.00,690.00,690.00,690.00,690.00000000000,0.73,2,18.00000,12420.00
2021-03-12,685.00,685.00,675.00,685.00,675.61111111111,0.00,4,360.00000,243220.00
2021-03-12,,675.00,675.00,675.00,675.00000000000,,1,3000.00000,2025000.00
2021-03-11,685.00,685.00,685.00,685.00,685.00000000000,0.74,1,15.00000,10275.00
2021-03-10,680.00,685.00,680.00,680.00,681.30182421227,-0.73,9,603.00000,410825.00
2021-03-09,675.00,685.00,670.00,685.00,679.30188679245,1.48,10,530.00000,360030.00
2021-03-09,,670.00,670.00,670.00,670.00000000000,,1,4000.00000,2680000.00
2021-03-08,675.00,675.00,675.00,675.00,675.00000000000,0.75,1,50.00000,33750.00
2021-03-05,670.00,670.00,670.00,670.00,670.00000000000,-1.47,2,39.00000,26130.00
2021-03-04,675.00,680.00,675.00,680.00,678.38709677419,1.49,3,62.00000,42060.00
2021-03-03,670.00,670.00,670.00,670.00,670.00000000000,0.00,2,60.00000,40200.00
2021-03-02,655.00,670.00,655.00,670.00,660.34090909091,2.29,6,220.00000,145275.00
2021-02-25,670.00,670.00,655.00,655.00,659.94444444444,-2.24,5,180.00000,118790.00
2021-02-24,630.00,670.00,630.00,670.00,648.28314997105,6.35,28,1727.00000,1119585.00
2021-02-23,630.00,630.00,630.00,630.00,630.00000000000,0.00,3,46.00000,28980.00
2021-02-22,635.00,640.00,630.00,630.00,636.31696428571,-0.79,6,448.00000,285070.00
2021-02-19,635.00,635.00,635.00,635.00,635.00000000000,0.79,1,2.00000,1270.00
2021-02-18,630.00,630.00,630.00,630.00,630.00000000000,0.00,1,14.00000,8820.00
2021-02-17,630.00,630.00,630.00,630.00,630.00000000000,0.00,4,130.00000,81900.00
2021-02-16,625.00,635.00,625.00,630.00,625.02072538860,1.61,3,1930.00000,1206290.00
2021-02-15,630.00,635.00,620.00,620.00,625.10843005498,-0.80,9,3274.00000,2046605.00
2021-02-12,630.00,630.00,625.00,625.00,625.77966101695,0.00,4,295.00000,184605.00
2021-02-11,625.00,625.00,625.00,625.00,625.00000000000,0.00,2,510.00000,318750.00
2021-02-10,625.00,625.00,625.00,625.00,625.00000000000,0.00,1,50.00000,31250.00
2021-02-09,625.00,625.00,625.00,625.00,625.00000000000,0.00,1,20.00000,12500.00
2021-02-08,625.00,625.00,625.00,625.00,625.00000000000,1.63,2,30.00000,18750.00
2021-02-05,615.00,615.00,615.00,615.00,615.00000000000,-0.81,1,2.00000,1230.00
2021-02-04,620.00,620.00,620.00,620.00,620.00000000000,0.00,1,42.00000,26040.00
2021-02-02,620.00,620.00,620.00,620.00,620.00000000000,0.00,5,822.00000,509640.00
2021-02-01,630.00,630.00,620.00,620.00,620.13123359580,-1.59,3,381.00000,236270.00
2021-01-27,630.00,630.00,630.00,630.00,630.00000000000,0.80,4,109.00000,68670.00
2021-01-25,625.00,625.00,620.00,625.00,622.52475247525,0.00,8,2020.00000,1257500.00
2021-01-20,625.00,625.00,625.00,625.00,625.00000000000,0.81,6,1213.00000,758125.00
2021-01-19,620.00,620.00,620.00,620.00,620.00000000000,0.00,1,15.00000,9300.00
2021-01-15,615.00,630.00,615.00,620.00,624.66506291636,0.81,10,2702.00000,1687845.00
2021-01-14,615.00,615.00,615.00,615.00,615.00000000000,0.00,3,100.00000,61500.00
2021-01-13,615.00,615.00,615.00,615.00,615.00000000000,0.00,2,20.00000,12300.00
2021-01-12,615.00,615.00,615.00,615.00,615.00000000000,-0.81,3,110.00000,67650.00
2021-01-11,615.00,620.00,615.00,620.00,615.12195121951,-0.80,5,164.00000,100880.00
2021-01-08,610.00,625.00,600.00,625.00,620.21314676212,2.46,20,3073.00000,1905915.00
2021-01-07,595.00,610.00,585.00,610.00,599.21814134669,2.52,41,1797.00000,1076795.00
2021-01-05,590.00,595.00,590.00,595.00,590.35000000000,0.85,5,100.00000,59035.00
2021-01-04,580.00,590.00,580.00,590.00,582.80303030303,1.72,6,264.00000,153860.00
2020-12-30,580.00,580.00,580.00,580.00,580.00000000000,-1.69,3,200.00000,116000.00
2020-12-29,590.00,590.00,590.00,590.00,590.00000000000,0.00,1,10.00000,5900.00
2020-12-28,590.00,590.00,590.00,590.00,590.00000000000,0.00,1,3.00000,1770.00
2020-12-23,590.00,590.00,590.00,590.00,590.00000000000,0.00,3,7.00000,4130.00
2020-12-21,580.00,590.00,580.00,590.00,583.88888888889,1.72,3,45.00000,26275.00
2020-12-18,580.00,580.00,580.00,580.00,580.00000000000,0.00,9,283.00000,164140.00
2020-12-17,580.00,580.00,580.00,580.00,580.00000000000,0.00,14,427.00000,247660.00
2020-12-16,585.00,585.00,580.00,580.00,580.88669950739,-2.52,3,203.00000,117920.00
2020-12-14,580.00,595.00,580.00,595.00,585.92857142857,0.85,5,70.00000,41015.00
2020-12-09,585.00,590.00,585.00,590.00,585.40650406504,2.61,4,246.00000,144010.00
2020-12-08,580.00,580.00,575.00,575.00,578.94827586207,-1.71,6,290.00000,167895.00
2020-12-07,585.00,585.00,585.00,585.00,585.00000000000,0.00,5,295.00000,172575.00
2020-12-04,580.00,585.00,580.00,585.00,581.31578947368,-0.85,4,76.00000,44180.00
2020-12-02,580.00,595.00,570.00,590.00,584.00584795322,3.51,23,855.00000,499325.00
2020-12-01,580.00,580.00,570.00,570.00,571.82847896440,-4.20,12,618.00000,353390.00
2020-11-26,595.00,595.00,595.00,595.00,595.00000000000,-0.83,2,20.00000,11900.00
2020-11-25,595.00,600.00,595.00,600.00,595.50000000000,2.56,3,50.00000,29775.00
2020-11-24,595.00,600.00,585.00,585.00,589.61596385542,-1.68,14,664.00000,391505.00
2020-11-23,600.00,600.00,595.00,595.00,596.58730158730,0.00,6,315.00000,187925.00
2020-11-20,600.00,600.00,585.00,595.00,596.67417417417,0.00,12,666.00000,397385.00
2020-11-19,600.00,600.00,590.00,595.00,596.43317702227,-0.83,9,1706.00000,1017515.00
2020-11-17,595.00,610.00,595.00,600.00,597.12857142857,0.84,21,1400.00000,835980.00
2020-11-16,595.00,595.00,585.00,595.00,592.68733850129,0.00,27,1935.00000,1146850.00
2020-11-12,595.00,595.00,590.00,595.00,593.28947368421,0.00,4,380.00000,225450.00
2020-11-11,595.00,595.00,590.00,595.00,594.92836676218,0.00,10,698.00000,415260.00
2020-11-10,610.00,610.00,590.00,595.00,594.68041237113,-1.65,25,970.00000,576840.00
2020-11-09,595.00,605.00,595.00,605.00,598.27225130890,1.68,19,764.00000,457080.00
2020-11-06,585.00,595.00,585.00,595.00,594.68634686347,-0.83,8,542.00000,322320.00
2020-11-05,585.00,600.00,585.00,600.00,587.31788079470,2.56,4,302.00000,177370.00
2020-11-04,585.00,585.00,585.00,585.00,585.00000000000,0.00,1,40.00000,23400.00
2020-11-03,585.00,585.00,585.00,585.00,585.00000000000,0.00,3,133.00000,77805.00
2020-11-02,580.00,585.00,580.00,585.00,580.83333333333,0.00,3,60.00000,34850.00
2020-10-30,580.00,585.00,580.00,585.00,582.00000000000,0.00,3,100.00000,58200.00
2020-10-29,580.00,585.00,580.00,585.00,580.24886877828,0.00,4,221.00000,128235.00
2020-10-28,585.00,585.00,560.00,585.00,574.04984423676,0.00,10,321.00000,184270.00
2020-10-27,585.00,600.00,585.00,585.00,585.08325171401,0.00,20,6126.00000,3584220.00
2020-10-26,600.00,605.00,575.00,585.00,585.41666666667,-3.31,11,900.00000,526875.00
2020-10-22,605.00,605.00,605.00,605.00,605.00000000000,0.83,1,50.00000,30250.00
2020-10-20,595.00,600.00,595.00,600.00,595.71428571429,-1.64,3,70.00000,41700.00
2020-10-14,605.00,610.00,600.00,610.00,605.55309734513,-0.81,5,226.00000,136855.00
2020-10-13,610.00,615.00,605.00,615.00,608.90946502058,0.82,8,243.00000,147965.00
2020-10-12,610.00,610.00,610.00,610.00,610.00000000000,-1.61,1,5.00000,3050.00
2020-10-08,605.00,620.00,605.00,620.00,614.37500000000,0.00,2,40.00000,24575.00
2020-10-07,605.00,620.00,605.00,620.00,616.20689655172,0.00,3,29.00000,17870.00
2020-10-06,620.00,620.00,620.00,620.00,620.00000000000,0.00,1,8.00000,4960.00
2020-10-05,615.00,620.00,615.00,620.00,618.73333333333,0.81,5,75.00000,46405.00
2020-10-02,615.00,615.00,615.00,615.00,615.00000000000,2.50,7,344.00000,211560.00
2020-10-01,625.00,625.00,600.00,600.00,601.76810073452,-3.23,18,953.00000,573485.00
2020-09-30,620.00,620.00,620.00,620.00,620.00000000000,2.48,4,63.00000,39060.00
2020-09-29,625.00,625.00,605.00,605.00,612.83333333333,-2.42,8,210.00000,128695.00
2020-09-28,620.00,620.00,620.00,620.00,620.00000000000,-1.59,1,16.00000,9920.00
2020-09-25,620.00,630.00,620.00,630.00,628.35820895522,-2.33,4,134.00000,84200.00
2020-09-24,630.00,645.00,630.00,645.00,636.71666666667,0.78,4,600.00000,382030.00
2020-09-23,640.00,640.00,630.00,640.00,639.86270022883,0.79,7,437.00000,279620.00
2020-09-22,630.00,635.00,630.00,635.00,630.58904109589,0.79,6,730.00000,460330.00
2020-09-21,620.00,635.00,615.00,630.00,625.06818181818,0.00,7,220.00000,137515.00
2020-09-18,615.00,630.00,610.00,630.00,615.10703363914,2.44,6,327.00000,201140.00
2020-09-17,600.00,615.00,600.00,615.00,600.54216867470,-3.91,7,249.00000,149535.00
2020-09-15,630.00,640.00,630.00,640.00,634.19736842105,2.40,8,760.00000,481990.00
2020-09-14,630.00,630.00,625.00,625.00,626.48414985591,-0.79,5,347.00000,217390.00
2020-09-11,630.00,630.00,630.00,630.00,630.00000000000,2.44,4,228.00000,143640.00
2020-09-10,625.00,630.00,615.00,615.00,623.66402116402,-1.60,14,756.00000,471490.00
2020-09-09,610.00,625.00,600.00,625.00,618.53413654618,3.31,18,996.00000,616060.00
2020-09-08,600.00,605.00,600.00,605.00,604.28571428571,0.83,3,175.00000,105750.00
2020-09-07,600.00,600.00,600.00,600.00,600.00000000000,-1.64,1,70.00000,42000.00
2020-09-04,610.00,610.00,610.00,610.00,610.00000000000,-0.81,5,230.00000,140300.00
2020-09-03,600.00,615.00,600.00,615.00,604.09850483729,4.24,10,1137.00000,686860.00
2020-09-02,595.00,595.00,590.00,590.00,591.00000000000,-0.84,3,100.00000,59100.00
2020-09-01,605.00,620.00,595.00,595.00,601.60000000000,-0.83,8,200.00000,120320.00
2020-08-31,630.00,630.00,600.00,600.00,607.84345047923,-3.23,9,313.00000,190255.00
2020-08-28,640.00,640.00,620.00,620.00,631.41509433962,-5.34,10,371.00000,234255.00
2020-08-27,645.00,655.00,645.00,655.00,650.31250000000,3.97,10,352.00000,228910.00
2020-08-26,620.00,640.00,620.00,630.00,635.74612403101,1.61,12,516.00000,328045.00
2020-08-25,610.00,620.00,600.00,620.00,616.52173913043,3.33,5,161.00000,99260.00
2020-08-24,590.00,610.00,590.00,600.00,600.05756578947,0.00,11,1216.00000,729670.00
2020-08-21,600.00,600.00,580.00,600.00,595.27777777778,0.84,7,180.00000,107150.00
2020-08-20,590.00,595.00,590.00,595.00,591.44128113879,0.00,6,281.00000,166195.00
2020-08-19,590.00,595.00,590.00,595.00,591.59090909091,0.00,2,220.00000,130150.00
2020-08-18,590.00,595.00,590.00,595.00,591.48936170213,0.85,6,94.00000,55600.00
2020-08-17,585.00,590.00,585.00,590.00,588.78048780488,0.00,2,82.00000,48280.00
2020-08-14,580.00,590.00,580.00,590.00,589.89898989899,0.00,6,594.00000,350400.00
2020-08-13,585.00,590.00,585.00,590.00,589.88461538462,1.72,5,130.00000,76685.00
2020-08-12,565.00,580.00,565.00,580.00,576.58767772512,1.75,9,211.00000,121660.00
2020-08-11,535.00,570.00,535.00,570.00,561.93370165746,6.54,15,362.00000,203420.00
2020-08-10,530.00,535.00,530.00,535.00,531.32352941176,4.90,2,68.00000,36130.00
2020-08-07,515.00,520.00,510.00,510.00,517.11538461538,0.99,6,260.00000,134450.00
2020-08-06,515.00,515.00,505.00,505.00,505.90909090909,0.00,2,44.00000,22260.00
2020-08-04,500.00,505.00,500.00,505.00,503.38427947598,-3.81,6,229.00000,115275.00
2020-07-31,525.00,525.00,525.00,525.00,525.00000000000,1.94,3,13.00000,6825.00
2020-07-30,510.00,515.00,496.00,515.00,510.82644628099,0.98,9,242.00000,123620.00
2020-07-29,484.00,510.00,484.00,510.00,496.86704119850,6.69,18,534.00000,265327.00
2020-07-28,478.00,478.00,478.00,478.00,478.00000000000,0.00,1,16.00000,7648.00
2020-07-27,478.00,478.00,478.00,478.00,478.00000000000,-0.42,1,20.00000,9560.00
2020-07-24,478.00,480.00,478.00,480.00,479.83182406210,0.42,3,773.00000,370910.00
2020-07-23,480.00,480.00,478.00,478.00,478.51851851852,-0.42,3,243.00000,116280.00
2020-07-21,480.00,480.00,480.00,480.00,480.00000000000,0.00,1,1.00000,480.00
2020-07-17,478.00,480.00,478.00,480.00,479.85294117647,-0.41,3,680.00000,326300.00
2020-07-14,482.00,482.00,482.00,482.00,482.00000000000,0.00,2,14.00000,6748.00
2020-07-13,482.00,482.00,482.00,482.00,482.00000000000,0.00,1,5.00000,2410.00
2020-07-10,482.00,482.00,482.00,482.00,482.00000000000,0.42,3,36.00000,17352.00
2020-07-09,480.00,480.00,480.00,480.00,480.00000000000,0.00,11,708.00000,339840.00
2020-07-08,470.00,480.00,470.00,480.00,474.04624277457,2.13,9,865.00000,410050.00
2020-07-03,466.00,480.00,466.00,470.00,477.82758620690,0.86,9,348.00000,166284.00
2020-07-02,460.00,466.00,460.00,466.00,463.60000000000,1.30,2,10.00000,4636.00
2020-07-01,460.00,460.00,460.00,460.00,460.00000000000,-1.29,1,33.00000,15180.00
2020-06-30,460.00,466.00,460.00,466.00,462.00000000000,0.43,2,3.00000,1386.00
2020-06-29,460.00,464.00,460.00,464.00,460.92307692308,1.31,2,39.00000,17976.00
2020-06-26,458.00,458.00,458.00,458.00,458.00000000000,0.88,2,70.00000,32060.00
2020-06-25,466.00,466.00,454.00,454.00,458.08474576271,-2.58,6,118.00000,54054.00
2020-06-24,472.00,472.00,466.00,466.00,470.76923076923,-1.27,4,78.00000,36720.00
2020-06-23,474.00,476.00,472.00,472.00,475.30232558140,0.00,5,43.00000,20438.00
2020-06-18,472.00,472.00,472.00,472.00,472.00000000000,-1.26,3,39.00000,18408.00
2020-06-17,478.00,478.00,478.00,478.00,478.00000000000,-2.05,1,35.00000,16730.00
2020-06-16,488.00,488.00,488.00,488.00,488.00000000000,1.67,1,336.00000,163968.00
2020-06-15,480.00,480.00,478.00,480.00,479.27007299270,-1.23,4,137.00000,65660.00
2020-06-12,484.00,486.00,472.00,486.00,483.94186046512,-2.02,8,172.00000,83238.00
2020-06-09,490.00,496.00,490.00,496.00,495.62500000000,0.00,2,320.00000,158600.00
2020-06-08,488.00,496.00,486.00,496.00,491.63842662632,1.22,15,1322.00000,649946.00
2020-06-04,500.00,500.00,490.00,490.00,492.61691542289,-2.00,5,201.00000,99016.00
2020-06-03,490.00,505.00,490.00,500.00,496.51335311573,2.88,17,337.00000,167325.00
2020-06-02,480.00,486.00,480.00,486.00,483.39726027397,2.97,10,292.00000,141152.00
2020-06-01,472.00,472.00,472.00,472.00,472.00000000000,2.61,1,25.00000,11800.00
2020-05-29,452.00,460.00,452.00,460.00,459.29238329238,0.88,6,407.00000,186932.00
2020-05-28,456.00,456.00,452.00,456.00,453.02028985507,0.88,8,345.00000,156292.00
2020-05-27,448.00,452.00,446.00,452.00,448.54889589905,1.35,7,317.00000,142190.00
2020-05-26,446.00,456.00,442.00,446.00,449.78350515464,-0.45,19,388.00000,174516.00
2020-05-25,442.00,448.00,442.00,448.00,443.68292682927,0.00,3,82.00000,36382.00
2020-05-22,448.00,448.00,448.00,448.00,448.00000000000,1.82,1,6.00000,2688.00
2020-05-20,442.00,442.00,440.00,440.00,441.57746478873,0.00,4,142.00000,62704.00
2020-05-19,446.00,448.00,440.00,440.00,444.01886792453,0.92,12,318.00000,141198.00
2020-05-18,432.00,438.00,430.00,436.00,433.56815114710,0.93,12,741.00000,321274.00
2020-05-15,432.00,432.00,430.00,432.00,431.47009966777,-1.37,20,1204.00000,519490.00
2020-05-13,440.00,440.00,438.00,438.00,438.18523489933,-0.45,9,745.00000,326448.00
2020-05-12,442.00,442.00,440.00,440.00,440.49295774648,-3.08,5,142.00000,62550.00
2020-05-11,450.00,454.00,440.00,454.00,441.13053523296,0.89,16,2597.00000,1145616.00
2020-05-08,450.00,450.00,450.00,450.00,450.00000000000,0.45,2,27.00000,12150.00
2020-05-07,452.00,452.00,448.00,448.00,449.32584269663,-0.44,5,89.00000,39990.00
2020-05-06,460.00,464.00,450.00,450.00,455.85365853659,0.00,9,205.00000,93450.00
2020-05-05,454.00,454.00,450.00,450.00,450.26168224299,-0.88,2,321.00000,144534.00
2020-05-04,454.00,454.00,454.00,454.00,454.00000000000,1.34,1,9.00000,4086.00
2020-04-30,448.00,450.00,448.00,448.00,448.33333333333,-0.44,7,96.00000,43040.00
2020-04-29,464.00,464.00,450.00,450.00,454.09090909091,-1.75,4,110.00000,49950.00
2020-04-28,458.00,458.00,458.00,458.00,458.00000000000,0.00,1,20.00000,9160.00
2020-04-27,460.00,460.00,458.00,458.00,458.56198347107,-0.43,8,121.00000,55486.00
2020-04-24,460.00,460.00,460.00,460.00,460.00000000000,1.77,1,5.00000,2300.00
2020-04-23,460.00,460.00,452.00,452.00,456.00000000000,0.89,2,10.00000,4560.00
2020-04-22,464.00,466.00,448.00,448.00,453.79182156134,-0.44,6,269.00000,122070.00
2020-04-21,454.00,454.00,450.00,450.00,451.24324324324,-0.44,9,185.00000,83480.00
2020-04-20,470.00,470.00,448.00,452.00,453.68405365127,-1.74,11,671.00000,304422.00
2020-04-17,466.00,466.00,460.00,460.00,460.59627329193,-2.13,7,322.00000,148312.00
2020-04-16,480.00,480.00,470.00,470.00,471.66666666667,-2.08,2,24.00000,11320.00
2020-04-15,480.00,480.00,480.00,480.00,480.00000000000,3.45,1,5.00000,2400.00
2020-04-14,464.00,464.00,464.00,464.00,464.00000000000,-1.28,2,93.00000,43152.00
2020-04-09,490.00,490.00,470.00,470.00,471.51658767773,0.00,3,211.00000,99490.00
2020-04-08,476.00,476.00,470.00,470.00,472.97520661157,-2.49,3,121.00000,57230.00
2020-04-07,480.00,515.00,480.00,482.00,495.47341913822,3.43,22,1787.00000,885411.00
2020-04-06,460.00,470.00,460.00,466.00,464.05773195876,5.43,17,1455.00000,675204.00
2020-04-03,454.00,458.00,442.00,442.00,447.14629258517,-0.45,15,499.00000,223126.00
2020-04-02,450.00,450.00,444.00,444.00,448.76404494382,-1.33,12,445.00000,199700.00
2020-04-01,450.00,450.00,450.00,450.00,450.00000000000,0.00,1,2000.00000,900000.00
2020-03-31,466.00,466.00,450.00,450.00,453.88159203980,0.00,9,2010.00000,912302.00
2020-03-30,454.00,454.00,450.00,450.00,450.25162256615,-1.32,15,2003.00000,901854.00
2020-03-27,480.00,482.00,456.00,456.00,467.97183098592,1.33,5,71.00000,33226.00
2020-03-26,444.00,450.00,444.00,450.00,449.87179487179,1.81,5,1170.00000,526350.00
2020-03-25,460.00,460.00,442.00,442.00,448.21052631579,-4.33,4,133.00000,59612.00
2020-03-24,458.00,462.00,458.00,462.00,460.37383177570,0.87,6,107.00000,49260.00
2020-03-23,458.00,458.00,458.00,458.00,458.00000000000,-0.43,1,1.00000,458.00
2020-03-20,478.00,478.00,456.00,460.00,459.22222222222,3.14,3,36.00000,16532.00
2020-03-19,458.00,458.00,446.00,446.00,451.45263157895,-7.08,6,95.00000,42888.00
2020-03-18,464.00,480.00,464.00,480.00,479.48387096774,-0.83,3,310.00000,148640.00
2020-03-17,464.00,484.00,464.00,484.00,474.75949367089,5.22,5,79.00000,37506.00
2020-03-16,470.00,490.00,430.00,460.00,471.81752353367,-2.13,22,2762.00000,1303160.00
2020-03-13,472.00,490.00,466.00,470.00,483.04547350855,-6.93,46,2397.00000,1157860.00
2020-03-13,,490.00,490.00,490.00,490.00000000000,,1,6600.00000,3234000.00
2020-03-12,505.00,505.00,505.00,505.00,505.00000000000,-3.81,1,7.00000,3535.00
2020-03-11,535.00,535.00,510.00,525.00,522.60330578512,-4.55,8,121.00000,63235.00
2020-03-10,540.00,565.00,540.00,550.00,551.68539325843,6.80,10,534.00000,294600.00
2020-03-09,570.00,570.00,505.00,515.00,525.79710144928,-10.43,15,276.00000,145120.00
2020-03-06,580.00,580.00,565.00,575.00,578.63382250175,0.88,20,1431.00000,828025.00
2020-03-05,570.00,570.00,570.00,570.00,570.00000000000,-4.20,4,725.00000,413250.00
2020-02-28,585.00,595.00,555.00,595.00,572.14606741573,0.85,19,445.00000,254605.00
2020-02-27,595.00,595.00,590.00,590.00,590.08928571429,-1.67,9,840.00000,495675.00
2020-02-26,580.00,615.00,570.00,600.00,593.43665768194,1.69,25,1855.00000,1100825.00
2020-02-25,600.00,600.00,590.00,590.00,597.94117647059,-2.48,11,765.00000,457425.00
2020-02-24,630.00,630.00,605.00,605.00,612.30769230769,-3.97,8,143.00000,87560.00
2020-02-21,630.00,630.00,630.00,630.00,630.00000000000,0.00,3,675.00000,425250.00
2020-02-18,630.00,630.00,630.00,630.00,630.00000000000,0.00,1,471.00000,296730.00
2020-02-17,640.00,640.00,630.00,630.00,639.55720749838,0.00,7,1547.00000,989395.00
2020-02-14,630.00,630.00,630.00,630.00,630.00000000000,-0.79,1,10.00000,6300.00
2020-02-11,635.00,635.00,635.00,635.00,635.00000000000,0.79,1,40.00000,25400.00
2020-02-06,630.00,630.00,630.00,630.00,630.00000000000,0.00,2,52.00000,32760.00
2020-02-05,630.00,630.00,630.00,630.00,630.00000000000,0.00,2,15.00000,9450.00
2020-02-04,635.00,635.00,630.00,630.00,630.93220338983,-0.79,4,295.00000,186125.00
2020-02-03,630.00,635.00,630.00,635.00,632.19298245614,0.00,6,57.00000,36035.00
2020-01-30,640.00,640.00,635.00,635.00,639.58049886621,0.00,2,441.00000,282055.00
2020-01-28,640.00,640.00,635.00,635.00,636.25000000000,-1.55,2,12.00000,7635.00
2020-01-27,660.00,660.00,645.00,645.00,647.16586151369,-3.01,8,621.00000,401890.00
2020-01-24,665.00,665.00,665.00,665.00,665.00000000000,0.00,1,8.00000,5320.00
2020-01-23,660.00,665.00,660.00,665.00,660.92592592593,-0.75,2,27.00000,17845.00
2020-01-22,660.00,670.00,660.00,670.00,667.60456273764,1.52,3,263.00000,175580.00
2020-01-21,660.00,660.00,660.00,660.00,660.00000000000,0.00,6,268.00000,176880.00
2020-01-20,660.00,660.00,660.00,660.00,660.00000000000,0.00,1,12.00000,7920.00
2020-01-17,650.00,660.00,650.00,660.00,650.02217294900,2.33,4,902.00000,586320.00
2020-01-16,645.00,645.00,645.00,645.00,645.00000000000,-0.77,4,50.00000,32250.00
2020-01-13,650.00,650.00,650.00,650.00,650.00000000000,0.00,5,1065.00000,692250.00
2020-01-10,650.00,650.00,650.00,650.00,650.00000000000,0.00,1,95.00000,61750.00
2020-01-09,650.00,650.00,650.00,650.00,650.00000000000,1.56,2,320.00000,208000.00
2020-01-07,650.00,650.00,640.00,640.00,647.27272727273,-1.54,3,99.00000,64080.00
2020-01-03,650.00,650.00,650.00,650.00,650.00000000000,-1.52,1,135.00000,87750.00
2020-01-02,635.00,660.00,635.00,660.00,650.26136363636,3.94,10,440.00000,286115.00
2019-12-30,635.00,640.00,635.00,635.00,636.47058823529,-2.31,3,34.00000,21640.00
2019-12-18,650.00,650.00,650.00,650.00,650.00000000000,0.00,1,500.00000,325000.00
2019-12-17,650.00,650.00,650.00,650.00,650.00000000000,0.00,2,800.00000,520000.00
2019-12-13,645.00,650.00,645.00,650.00,648.96449704142,2.36,9,845.00000,548375.00
2019-12-12,635.00,635.00,635.00,635.00,635.00000000000,-0.78,1,4.00000,2540.00
2019-12-11,630.00,640.00,630.00,640.00,630.16129032258,2.40,5,124.00000,78140.00
2019-12-10,625.00,625.00,625.00,625.00,625.00000000000,-0.79,1,3.00000,1875.00
2019-12-09,630.00,630.00,630.00,630.00,630.00000000000,0.00,1,2280.00000,1436400.00
2019-12-05,645.00,645.00,630.00,630.00,633.46153846154,0.00,2,13.00000,8235.00
2019-12-04,645.00,645.00,630.00,630.00,634.89795918367,-3.08,2,49.00000,31110.00
2019-12-03,645.00,650.00,645.00,650.00,648.00000000000,0.78,2,10.00000,6480.00
2019-12-02,645.00,645.00,645.00,645.00,645.00000000000,0.78,1,11.00000,7095.00
2019-11-29,630.00,640.00,630.00,640.00,639.95265841224,0.00,7,2746.00000,1757310.00
2019-11-27,630.00,640.00,630.00,640.00,633.16770186335,0.00,4,322.00000,203880.00
2019-11-26,640.00,640.00,640.00,640.00,640.00000000000,4.92,1,10.00000,6400.00
2019-11-25,610.00,610.00,610.00,610.00,610.00000000000,-3.94,3,26.00000,15860.00
2019-11-08,630.00,635.00,630.00,635.00,633.30188679245,2.42,2,53.00000,33565.00
2019-11-06,620.00,620.00,620.00,620.00,620.00000000000,0.00,2,572.00000,354640.00
2019-11-05,630.00,630.00,620.00,620.00,623.54166666667,-3.88,5,120.00000,74825.00
2019-11-04,645.00,645.00,645.00,645.00,645.00000000000,0.00,3,6.00000,3870.00
2019-10-31,645.00,645.00,645.00,645.00,645.00000000000,0.00,1,10.00000,6450.00
2019-10-30,645.00,645.00,645.00,645.00,645.00000000000,0.00,2,7.00000,4515.00
2019-10-29,650.00,650.00,645.00,645.00,649.90463215259,-0.77,7,367.00000,238515.00
2019-10-21,650.00,650.00,650.00,650.00,650.00000000000,-1.52,1,200.00000,130000.00
2019-10-17,660.00,660.00,660.00,660.00,660.00000000000,2.33,2,500.00000,330000.00
2019-10-16,645.00,645.00,645.00,645.00,645.00000000000,-4.44,1,2.00000,1290.00
2019-10-15,660.00,675.00,660.00,675.00,674.28571428571,1.50,3,105.00000,70800.00
2019-10-14,635.00,665.00,635.00,665.00,657.83750000000,6.40,9,400.00000,263135.00
2019-10-09,630.00,630.00,625.00,625.00,629.37500000000,-0.79,6,168.00000,105735.00
2019-10-04,630.00,630.00,630.00,630.00,630.00000000000,0.00,1,6.00000,3780.00
2019-10-03,640.00,640.00,625.00,630.00,636.56626506024,-2.33,8,83.00000,52835.00
2019-10-02,650.00,650.00,645.00,645.00,647.77777777778,-1.53,6,225.00000,145750.00
2019-10-01,660.00,660.00,655.00,655.00,656.25000000000,0.00,3,120.00000,78750.00
2019-09-30,665.00,680.00,655.00,655.00,670.00000000000,-0.76,8,221.00000,148070.00
2019-09-27,640.00,660.00,640.00,660.00,645.61643835616,3.13,12,511.00000,329910.00
2019-09-25,635.00,640.00,635.00,640.00,635.65573770492,1.59,8,61.00000,38775.00
2019-09-24,635.00,635.00,630.00,630.00,630.41666666667,0.00,2,48.00000,30260.00
2019-09-23,630.00,630.00,630.00,630.00,630.00000000000,0.00,2,43.00000,27090.00
2019-09-20,630.00,630.00,630.00,630.00,630.00000000000,0.00,1,2.00000,1260.00
2019-09-19,630.00,630.00,630.00,630.00,630.00000000000,0.00,3,93.00000,58590.00
2019-09-18,630.00,630.00,630.00,630.00,630.00000000000,0.00,1,20.00000,12600.00
2019-09-17,630.00,630.00,630.00,630.00,630.00000000000,0.00,4,109.00000,68670.00
2019-09-16,630.00,630.00,630.00,630.00,630.00000000000,0.00,3,79.00000,49770.00
2019-09-13,630.00,630.00,630.00,630.00,630.00000000000,0.00,3,65.00000,40950.00
2019-09-10,605.00,630.00,605.00,630.00,614.57142857143,4.13,6,105.00000,64530.00
2019-09-09,605.00,605.00,605.00,605.00,605.00000000000,0.83,1,2.00000,1210.00
2019-09-05,600.00,600.00,600.00,600.00,600.00000000000,0.00,3,309.00000,185400.00
2019-09-03,600.00,600.00,600.00,600.00,600.00000000000,0.00,2,315.00000,189000.00
2019-09-02,600.00,600.00,600.00,600.00,600.00000000000,0.00,3,40.00000,24000.00
2019-08-30,600.00,600.00,600.00,600.00,600.00000000000,-1.64,1,10.00000,6000.00
2019-08-29,605.00,610.00,605.00,610.00,608.28947368421,0.83,5,190.00000,115575.00
2019-08-28,600.00,610.00,600.00,605.00,608.02469135802,1.68,5,81.00000,49250.00
2019-08-27,595.00,595.00,595.00,595.00,595.00000000000,-1.65,2,35.00000,20825.00
2019-08-23,595.00,605.00,595.00,605.00,600.31446540881,0.83,10,477.00000,286350.00
2019-08-22,600.00,600.00,595.00,600.00,599.04411764706,0.00,6,68.00000,40735.00
2019-08-21,600.00,600.00,600.00,600.00,600.00000000000,0.00,2,20.00000,12000.00
2019-08-20,600.00,600.00,600.00,600.00,600.00000000000,0.00,4,73.00000,43800.00
2019-08-19,600.00,600.00,600.00,600.00,600.00000000000,-0.83,3,35.00000,21000.00
2019-08-16,605.00,605.00,605.00,605.00,605.00000000000,0.00,3,25.00000,15125.00
2019-08-14,605.00,605.00,605.00,605.00,605.00000000000,0.00,10,106.00000,64130.00
2019-08-13,605.00,605.00,605.00,605.00,605.00000000000,0.00,1,8.00000,4840.00
2019-08-12,605.00,605.00,605.00,605.00,605.00000000000,0.00,1,20.00000,12100.00
2019-08-09,610.00,610.00,605.00,605.00,608.57142857143,0.00,3,35.00000,21300.00
2019-08-08,605.00,605.00,605.00,605.00,605.00000000000,0.00,1,35.00000,21175.00
2019-08-07,605.00,605.00,605.00,605.00,605.00000000000,-0.82,6,106.00000,64130.00
2019-08-06,615.00,615.00,610.00,610.00,614.51219512195,-1.61,7,451.00000,277145.00
2019-08-02,620.00,620.00,620.00,620.00,620.00000000000,-1.59,4,46.00000,28520.00
2019-08-01,620.00,630.00,620.00,630.00,625.00000000000,0.80,2,20.00000,12500.00
2019-07-31,625.00,625.00,625.00,625.00,625.00000000000,-0.79,3,10.00000,6250.00
2019-07-30,630.00,630.00,630.00,630.00,630.00000000000,-0.79,1,5.00000,3150.00
2019-07-29,640.00,640.00,635.00,635.00,635.18518518519,-2.31,4,27.00000,17150.00
2019-07-26,650.00,650.00,650.00,650.00,650.00000000000,0.00,1,15.00000,9750.00
2019-07-25,650.00,650.00,650.00,650.00,650.00000000000,0.00,1,50.00000,32500.00
2019-07-22,645.00,650.00,645.00,650.00,645.50000000000,0.78,2,10.00000,6455.00
2019-07-19,645.00,645.00,645.00,645.00,645.00000000000,0.00,2,27.00000,17415.00
2019-07-18,645.00,645.00,645.00,645.00,645.00000000000,0.78,1,30.00000,19350.00
2019-07-17,645.00,645.00,640.00,640.00,640.55000000000,-0.78,6,100.00000,64055.00
2019-07-15,645.00,645.00,635.00,645.00,642.56097560976,0.00,6,41.00000,26345.00
2019-07-12,645.00,645.00,645.00,645.00,645.00000000000,-0.77,1,8.00000,5160.00
2019-07-11,650.00,650.00,650.00,650.00,650.00000000000,0.00,1,9.00000,5850.00
2019-07-10,650.00,650.00,650.00,650.00,650.00000000000,0.00,1,22.00000,14300.00
2019-07-08,650.00,650.00,650.00,650.00,650.00000000000,-1.52,2,21.00000,13650.00
2019-07-05,660.00,660.00,660.00,660.00,660.00000000000,-2.22,1,9.00000,5940.00
2019-07-02,670.00,675.00,660.00,675.00,669.71649484536,0.75,6,194.00000,129925.00
2019-06-27,670.00,670.00,670.00,670.00,670.00000000000,0.00,2,15.00000,10050.00
2019-06-26,670.00,670.00,670.00,670.00,670.00000000000,0.00,4,70.00000,46900.00
2019-06-24,670.00,670.00,670.00,670.00,670.00000000000,-1.47,1,5.00000,3350.00
2019-06-21,680.00,680.00,680.00,680.00,680.00000000000,0.74,1,7.00000,4760.00
2019-06-19,685.00,685.00,675.00,675.00,678.12500000000,-2.17,4,32.00000,21700.00
2019-06-18,690.00,690.00,690.00,690.00,690.00000000000,0.00,2,11.00000,7590.00
2019-06-17,690.00,690.00,690.00,690.00,690.00000000000,-0.72,8,74.00000,51060.00
2019-06-13,695.00,695.00,695.00,695.00,695.00000000000,-1.42,1,15.00000,10425.00
2019-06-12,700.00,705.00,700.00,705.00,703.33333333333,3.68,2,15.00000,10550.00
2019-06-07,700.00,700.00,680.00,680.00,694.19664268585,-2.16,8,417.00000,289480.00
2019-06-05,695.00,695.00,695.00,695.00,695.00000000000,2.96,10,1290.00000,896550.00
2019-06-04,665.00,680.00,665.00,675.00,669.07725321888,0.00,6,233.00000,155895.00
2019-06-03,680.00,690.00,675.00,675.00,682.63157894737,-3.57,5,285.00000,194550.00
2019-05-31,700.00,700.00,700.00,700.00,700.00000000000,0.00,1,5.00000,3500.00
2019-05-30,700.00,700.00,700.00,700.00,700.00000000000,1.45,2,60.00000,42000.00
2019-05-29,690.00,695.00,690.00,690.00,690.22448979592,-2.82,8,245.00000,169105.00
2019-05-28,710.00,710.00,710.00,710.00,710.00000000000,2.16,3,40.00000,28400.00
2019-05-27,710.00,710.00,690.00,695.00,701.58833063209,-2.11,6,617.00000,432880.00
2019-05-24,710.00,710.00,710.00,710.00,710.00000000000,0.00,3,110.00000,78100.00
2019-05-23,705.00,710.00,705.00,710.00,705.25252525253,0.71,2,198.00000,139640.00
2019-05-21,700.00,705.00,700.00,705.00,701.87563067608,0.71,13,3964.00000,2782235.00
2019-05-21,,705.00,705.00,705.00,705.00000000000,,1,3000.00000,2115000.00
2019-05-20,695.00,700.00,695.00,700.00,697.90159189580,0.72,11,1382.00000,964500.00
2019-05-17,685.00,695.00,685.00,695.00,694.06810035842,2.21,11,1116.00000,774580.00
2019-05-16,660.00,680.00,660.00,680.00,670.55705149781,1.49,16,2971.00000,1992225.00
2019-05-15,660.00,670.00,660.00,670.00,669.59947899707,1.52,13,3071.00000,2056340.00
2019-05-14,660.00,660.00,660.00,660.00,660.00000000000,-1.49,1,100.00000,66000.00
2019-05-14,,670.00,670.00,670.00,670.00000000000,,1,4900.00000,3283000.00
2019-05-13,670.00,670.00,670.00,670.00,670.00000000000,0.00,1,2.00000,1340.00
2019-05-13,,670.00,670.00,670.00,670.00000000000,,1,5000.00000,3350000.00
2019-05-10,670.00,675.00,670.00,670.00,670.01464128843,0.00,6,7513.00000,5033820.00
2019-05-09,655.00,670.00,655.00,670.00,668.40417995041,2.29,12,5646.00000,3773810.00
2019-05-08,640.00,655.00,640.00,655.00,640.52325581395,-0.76,5,86.00000,55085.00
2019-05-07,655.00,660.00,655.00,660.00,657.08333333333,1.54,2,60.00000,39425.00
2019-05-06,650.00,650.00,650.00,650.00,650.00000000000,-0.76,1,50.00000,32500.00
2019-05-02,655.00,655.00,655.00,655.00,655.00000000000,-1.50,6,1891.00000,1238605.00
